#,class,pos,height,weight,hometown,rsci top 100,summary,school,year,high school,Rk,School,"City, State",From,To,Yrs,G,W,L,W-L%,SRS,SOS,AP,CREG,CTRN,NCAA,FF,NC,slug
21.0,SR,G,6-4,200,"Elk Grove, CA",18 (2004),"14.5 Pts, 5.8 Reb, 2.9 Ast",duke,2008,,110,Duke,"Durham, North Carolina",1906,2025,120,3268,2335,933,.715,16.50,6.79,53,24,28,47,18,5,duke
12.0,FR,F,6-8,230,"Medford, OR",6 (2007),"13.3 Pts, 5.8 Reb, 1.4 Ast",duke,2008,,110,Duke,"Durham, North Carolina",1906,2025,120,3268,2335,933,.715,16.50,6.79,53,24,28,47,18,5,duke
15.0,SO,G,6-5,215,"Merion, PA",10 (2006),"12.7 Pts, 4.7 Reb, 1.6 Ast",duke,2008,,110,Duke,"Durham, North Carolina",1906,2025,120,3268,2335,933,.715,16.50,6.79,53,24,28,47,18,5,duke
30.0,SO,G,6-5,190,"Northbrook, IL",28 (2006),"11.7 Pts, 3.9 Reb, 2.4 Ast",duke,2008,,110,Duke,"Durham, North Carolina",1906,2025,120,3268,2335,933,.715,16.50,6.79,53,24,28,47,18,5,duke
3.0,JR,G,6-1,185,"Syracuse, NY",13 (2005),"11.4 Pts, 2.1 Reb, 3.2 Ast",duke,2008,,110,Duke,"Durham, North Carolina",1906,2025,120,3268,2335,933,.715,16.50,6.79,53,24,28,47,18,5,duke
2.0,FR,G,6-2,185,"Upper Marlboro, MD",18 (2007),"5.9 Pts, 1.5 Reb, 1.3 Ast",duke,2008,,110,Duke,"Durham, North Carolina",1906,2025,120,3268,2335,933,.715,16.50,6.79,53,24,28,47,18,5,duke
31.0,FR,F,6-6,230,"Huntington Beach, CA",27 (2007),"5.5 Pts, 2.0 Reb, 0.4 Ast",duke,2008,,110,Duke,"Durham, North Carolina",1906,2025,120,3268,2335,933,.715,16.50,6.79,53,24,28,47,18,5,duke
42.0,SO,F,6-9,225,"Scotch Plains, NJ",20 (2006),"4.3 Pts, 3.3 Reb, 0.3 Ast",duke,2008,,110,Duke,"Durham, North Carolina",1906,2025,120,3268,2335,933,.715,16.50,6.79,53,24,28,47,18,5,duke
55.0,SO,C,7-1,260,"Haddonfield, NJ",25 (2006),"3.8 Pts, 3.4 Reb, 0.5 Ast",duke,2008,,110,Duke,"Durham, North Carolina",1906,2025,120,3268,2335,933,.715,16.50,6.79,53,24,28,47,18,5,duke
14.0,JR,F,6-6,215,"Ridgefield, CT",71 (2004),"1.0 Pts, 1.9 Reb, 0.4 Ast",duke,2008,,110,Duke,"Durham, North Carolina",1906,2025,120,3268,2335,933,.715,16.50,6.79,53,24,28,47,18,5,duke
5.0,JR,G,6-5,190,,53 (2005),"4.0 Pts, 2.3 Reb, 1.0 Ast",duke,2008,,110,Duke,"Durham, North Carolina",1906,2025,120,3268,2335,933,.715,16.50,6.79,53,24,28,47,18,5,duke
41.0,JR,G,6-1,180,"Melbourne, AR",,"0.3 Pts, 0.0 Reb, 0.2 Ast",duke,2008,,110,Duke,"Durham, North Carolina",1906,2025,120,3268,2335,933,.715,16.50,6.79,53,24,28,47,18,5,duke
15.0,JR,G,6-5,215,"Merion, PA",10 (2006),"16.5 Pts, 4.9 Reb, 2.5 Ast",duke,2009,,110,Duke,"Durham, North Carolina",1906,2025,120,3268,2335,933,.715,16.50,6.79,53,24,28,47,18,5,duke
12.0,SO,F,6-8,230,"Medford, OR",6 (2007),"16.5 Pts, 7.7 Reb, 2.4 Ast",duke,2009,,110,Duke,"Durham, North Carolina",1906,2025,120,3268,2335,933,.715,16.50,6.79,53,24,28,47,18,5,duke
30.0,JR,G,6-5,190,"Northbrook, IL",28 (2006),"14.9 Pts, 3.6 Reb, 2.8 Ast",duke,2009,,110,Duke,"Durham, North Carolina",1906,2025,120,3268,2335,933,.715,16.50,6.79,53,24,28,47,18,5,duke
2.0,SO,G,6-2,185,"Upper Marlboro, MD",18 (2007),"8.4 Pts, 2.2 Reb, 1.7 Ast",duke,2009,,110,Duke,"Durham, North Carolina",1906,2025,120,3268,2335,933,.715,16.50,6.79,53,24,28,47,18,5,duke
42.0,JR,F,6-9,225,"Scotch Plains, NJ",20 (2006),"5.3 Pts, 3.6 Reb, 0.5 Ast",duke,2009,,110,Duke,"Durham, North Carolina",1906,2025,120,3268,2335,933,.715,16.50,6.79,53,24,28,47,18,5,duke
3.0,SR,G,6-1,185,"Syracuse, NY",13 (2005),"4.9 Pts, 1.3 Reb, 1.3 Ast",duke,2009,,110,Duke,"Durham, North Carolina",1906,2025,120,3268,2335,933,.715,16.50,6.79,53,24,28,47,18,5,duke
55.0,JR,C,7-1,260,"Haddonfield, NJ",25 (2006),"4.1 Pts, 3.7 Reb, 0.4 Ast",duke,2009,,110,Duke,"Durham, North Carolina",1906,2025,120,3268,2335,933,.715,16.50,6.79,53,24,28,47,18,5,duke
15.0,FR,G,6-4,180,"Memphis, TN",15 (2008),"4.2 Pts, 2.3 Reb, 0.7 Ast",duke,2009,,110,Duke,"Durham, North Carolina",1906,2025,120,3268,2335,933,.715,16.50,6.79,53,24,28,47,18,5,duke
14.0,SR,F,6-6,215,"Ridgefield, CT",71 (2004),"1.9 Pts, 3.5 Reb, 1.1 Ast",duke,2009,,110,Duke,"Durham, North Carolina",1906,2025,120,3268,2335,933,.715,16.50,6.79,53,24,28,47,18,5,duke
21.0,FR,F,6-10,245,"Warsaw, IN",81 (2008),"1.8 Pts, 1.4 Reb, 0.0 Ast",duke,2009,,110,Duke,"Durham, North Carolina",1906,2025,120,3268,2335,933,.715,16.50,6.79,53,24,28,47,18,5,duke
5.0,SR,G,6-5,190,,53 (2005),"1.5 Pts, 0.6 Reb, 0.3 Ast",duke,2009,,110,Duke,"Durham, North Carolina",1906,2025,120,3268,2335,933,.715,16.50,6.79,53,24,28,47,18,5,duke
31.0,FR,F,6-7,240,,66 (2008),"0.6 Pts, 0.9 Reb, 0.2 Ast",duke,2009,,110,Duke,"Durham, North Carolina",1906,2025,120,3268,2335,933,.715,16.50,6.79,53,24,28,47,18,5,duke
51.0,SO,F,6-5,210,"Colorado Springs, CO",,"0.5 Pts, 0.3 Reb, 0.0 Ast",duke,2009,,110,Duke,"Durham, North Carolina",1906,2025,120,3268,2335,933,.715,16.50,6.79,53,24,28,47,18,5,duke
30.0,SR,G,6-5,190,"Northbrook, IL",28 (2006),"18.2 Pts, 3.6 Reb, 4.9 Ast",duke,2010,,110,Duke,"Durham, North Carolina",1906,2025,120,3268,2335,933,.715,16.50,6.79,53,24,28,47,18,5,duke
12.0,JR,F,6-8,230,"Medford, OR",6 (2007),"17.7 Pts, 7.0 Reb, 2.4 Ast",duke,2010,,110,Duke,"Durham, North Carolina",1906,2025,120,3268,2335,933,.715,16.50,6.79,53,24,28,47,18,5,duke
2.0,JR,G,6-2,185,"Upper Marlboro, MD",18 (2007),"17.4 Pts, 2.8 Reb, 3.0 Ast",duke,2010,,110,Duke,"Durham, North Carolina",1906,2025,120,3268,2335,933,.715,16.50,6.79,53,24,28,47,18,5,duke
55.0,SR,C,7-1,260,"Haddonfield, NJ",25 (2006),"5.6 Pts, 7.7 Reb, 1.0 Ast",duke,2010,,110,Duke,"Durham, North Carolina",1906,2025,120,3268,2335,933,.715,16.50,6.79,53,24,28,47,18,5,duke
21.0,SO,F,6-10,245,"Warsaw, IN",81 (2008),"5.2 Pts, 4.9 Reb, 0.3 Ast",duke,2010,,110,Duke,"Durham, North Carolina",1906,2025,120,3268,2335,933,.715,16.50,6.79,53,24,28,47,18,5,duke
42.0,SR,F,6-9,225,"Scotch Plains, NJ",20 (2006),"4.8 Pts, 4.9 Reb, 0.9 Ast",duke,2010,,110,Duke,"Durham, North Carolina",1906,2025,120,3268,2335,933,.715,16.50,6.79,53,24,28,47,18,5,duke
34.0,FR,G,6-5,215,"Chesapeake, VA",,"4.4 Pts, 1.1 Reb, 0.3 Ast",duke,2010,,110,Duke,"Durham, North Carolina",1906,2025,120,3268,2335,933,.715,16.50,6.79,53,24,28,47,18,5,duke
5.0,FR,F,6-10,235,"Warsaw, IN",18 (2009),"3.7 Pts, 3.1 Reb, 0.9 Ast",duke,2010,,110,Duke,"Durham, North Carolina",1906,2025,120,3268,2335,933,.715,16.50,6.79,53,24,28,47,18,5,duke
34.0,FR,F,6-11,230,"Raleigh, NC",14 (2009),"1.2 Pts, 1.1 Reb, 0.4 Ast",duke,2010,,110,Duke,"Durham, North Carolina",1906,2025,120,3268,2335,933,.715,16.50,6.79,53,24,28,47,18,5,duke
31.0,SO,F,6-7,240,,66 (2008),"2.5 Pts, 2.0 Reb, 0.8 Ast",duke,2010,,110,Duke,"Durham, North Carolina",1906,2025,120,3268,2335,933,.715,16.50,6.79,53,24,28,47,18,5,duke
41.0,SR,G,6-1,180,"Melbourne, AR",,"0.4 Pts, 0.2 Reb, 0.1 Ast",duke,2010,,110,Duke,"Durham, North Carolina",1906,2025,120,3268,2335,933,.715,16.50,6.79,53,24,28,47,18,5,duke
51.0,JR,F,6-5,210,"Colorado Springs, CO",,"0.4 Pts, 0.2 Reb, 0.0 Ast",duke,2010,,110,Duke,"Durham, North Carolina",1906,2025,120,3268,2335,933,.715,16.50,6.79,53,24,28,47,18,5,duke
53.0,JR,G,6-4,200,"Red Bank, NJ",,"0.0 Pts, 0.1 Reb, 0.0 Ast",duke,2010,,110,Duke,"Durham, North Carolina",1906,2025,120,3268,2335,933,.715,16.50,6.79,53,24,28,47,18,5,duke
2.0,SR,G,6-2,185,"Upper Marlboro, MD",18 (2007),"20.6 Pts, 4.5 Reb, 5.1 Ast",duke,2011,,110,Duke,"Durham, North Carolina",1906,2025,120,3268,2335,933,.715,16.50,6.79,53,24,28,47,18,5,duke
12.0,SR,F,6-8,230,"Medford, OR",6 (2007),"16.9 Pts, 6.8 Reb, 1.6 Ast",duke,2011,,110,Duke,"Durham, North Carolina",1906,2025,120,3268,2335,933,.715,16.50,6.79,53,24,28,47,18,5,duke
30.0,SO,G,6-2,185,"Charlotte, NC",,"9.0 Pts, 1.8 Reb, 2.0 Ast",duke,2011,,110,Duke,"Durham, North Carolina",1906,2025,120,3268,2335,933,.715,16.50,6.79,53,24,28,47,18,5,duke
34.0,SO,G,6-5,215,"Chesapeake, VA",,"8.1 Pts, 1.9 Reb, 0.6 Ast",duke,2011,,110,Duke,"Durham, North Carolina",1906,2025,120,3268,2335,933,.715,16.50,6.79,53,24,28,47,18,5,duke
5.0,SO,F,6-10,235,"Warsaw, IN",18 (2009),"7.2 Pts, 8.5 Reb, 1.5 Ast",duke,2011,,110,Duke,"Durham, North Carolina",1906,2025,120,3268,2335,933,.715,16.50,6.79,53,24,28,47,18,5,duke
34.0,SO,F,6-11,230,"Raleigh, NC",14 (2009),"6.6 Pts, 3.7 Reb, 0.8 Ast",duke,2011,,110,Duke,"Durham, North Carolina",1906,2025,120,3268,2335,933,.715,16.50,6.79,53,24,28,47,18,5,duke
1.0,FR,G,6-2,180,"West Orange, NJ",2 (2010),"17.5 Pts, 3.4 Reb, 4.3 Ast",duke,2011,,110,Duke,"Durham, North Carolina",1906,2025,120,3268,2335,933,.715,16.50,6.79,53,24,28,47,18,5,duke
21.0,JR,F,6-10,245,"Warsaw, IN",81 (2008),"4.8 Pts, 4.8 Reb, 0.4 Ast",duke,2011,,110,Duke,"Durham, North Carolina",1906,2025,120,3268,2335,933,.715,16.50,6.79,53,24,28,47,18,5,duke
3.0,FR,G,6-2,190,"Washington, DC",,"1.6 Pts, 0.6 Reb, 1.0 Ast",duke,2011,,110,Duke,"Durham, North Carolina",1906,2025,120,3268,2335,933,.715,16.50,6.79,53,24,28,47,18,5,duke
15.0,FR,F,6-8,235,"Fredericksburg, VA",32 (2010),"1.4 Pts, 1.2 Reb, 0.1 Ast",duke,2011,,110,Duke,"Durham, North Carolina",1906,2025,120,3268,2335,933,.715,16.50,6.79,53,24,28,47,18,5,duke
53.0,SR,G,6-4,200,"Red Bank, NJ",,"0.0 Pts, 0.3 Reb, 0.0 Ast",duke,2011,,110,Duke,"Durham, North Carolina",1906,2025,120,3268,2335,933,.715,16.50,6.79,53,24,28,47,18,5,duke
52.0,SO,F,6-9,245,"Lake Forest, IL",,"0.0 Pts, 0.0 Reb, 0.0 Ast",duke,2011,,110,Duke,"Durham, North Carolina",1906,2025,120,3268,2335,933,.715,16.50,6.79,53,24,28,47,18,5,duke
0.0,FR,G,6-4,200,"Winter Park, FL",2 (2011),"15.5 Pts, 3.4 Reb, 2.1 Ast",duke,2012,,110,Duke,"Durham, North Carolina",1906,2025,120,3268,2335,933,.715,16.50,6.79,53,24,28,47,18,5,duke
30.0,JR,G,6-2,185,"Charlotte, NC",,"13.2 Pts, 2.6 Reb, 2.4 Ast",duke,2012,,110,Duke,"Durham, North Carolina",1906,2025,120,3268,2335,933,.715,16.50,6.79,53,24,28,47,18,5,duke
5.0,JR,F,6-10,235,"Warsaw, IN",18 (2009),"11.1 Pts, 9.2 Reb, 1.6 Ast",duke,2012,,110,Duke,"Durham, North Carolina",1906,2025,120,3268,2335,933,.715,16.50,6.79,53,24,28,47,18,5,duke
34.0,JR,F,6-11,230,"Raleigh, NC",14 (2009),"11.8 Pts, 5.4 Reb, 1.1 Ast",duke,2012,,110,Duke,"Durham, North Carolina",1906,2025,120,3268,2335,933,.715,16.50,6.79,53,24,28,47,18,5,duke
34.0,JR,G,6-5,215,"Chesapeake, VA",,"8.4 Pts, 2.1 Reb, 0.6 Ast",duke,2012,,110,Duke,"Durham, North Carolina",1906,2025,120,3268,2335,933,.715,16.50,6.79,53,24,28,47,18,5,duke
21.0,SR,F,6-10,245,"Warsaw, IN",81 (2008),"6.6 Pts, 7.1 Reb, 0.5 Ast",duke,2012,,110,Duke,"Durham, North Carolina",1906,2025,120,3268,2335,933,.715,16.50,6.79,53,24,28,47,18,5,duke
2.0,FR,G,6-2,185,"Washington, DC",31 (2011),"4.4 Pts, 1.0 Reb, 1.9 Ast",duke,2012,,110,Duke,"Durham, North Carolina",1906,2025,120,3268,2335,933,.715,16.50,6.79,53,24,28,47,18,5,duke
3.0,SO,G,6-2,190,"Washington, DC",,"4.1 Pts, 1.9 Reb, 2.0 Ast",duke,2012,,110,Duke,"Durham, North Carolina",1906,2025,120,3268,2335,933,.715,16.50,6.79,53,24,28,47,18,5,duke
15.0,SO,F,6-8,235,"Fredericksburg, VA",32 (2010),"2.7 Pts, 1.4 Reb, 0.2 Ast",duke,2012,,110,Duke,"Durham, North Carolina",1906,2025,120,3268,2335,933,.715,16.50,6.79,53,24,28,47,18,5,duke
0.0,FR,F,6-7,200,"Richmond, VA",28 (2011),"1.7 Pts, 0.8 Reb, 0.2 Ast",duke,2012,,110,Duke,"Durham, North Carolina",1906,2025,120,3268,2335,933,.715,16.50,6.79,53,24,28,47,18,5,duke
52.0,JR,F,6-9,245,"Lake Forest, IL",,"0.0 Pts, 0.4 Reb, 0.2 Ast",duke,2012,,110,Duke,"Durham, North Carolina",1906,2025,120,3268,2335,933,.715,16.50,6.79,53,24,28,47,18,5,duke
5.0,SR,F,6-10,235,"Warsaw, IN",18 (2009),"17.1 Pts, 9.9 Reb, 1.9 Ast",duke,2013,Christ School (NC),110,Duke,"Durham, North Carolina",1906,2025,120,3268,2335,933,.715,16.50,6.79,53,24,28,47,18,5,duke
30.0,SR,G,6-2,185,"Charlotte, NC",,"17.5 Pts, 2.5 Reb, 1.5 Ast",duke,2013,Charlotte Christian,110,Duke,"Durham, North Carolina",1906,2025,120,3268,2335,933,.715,16.50,6.79,53,24,28,47,18,5,duke
2.0,SO,G,6-2,185,"Washington, DC",31 (2011),"11.7 Pts, 3.8 Reb, 5.3 Ast",duke,2013,Oak Hill Academy (VA),110,Duke,"Durham, North Carolina",1906,2025,120,3268,2335,933,.715,16.50,6.79,53,24,28,47,18,5,duke
14.0,FR,G,6-5,195,"Houston, TX",12 (2012),"11.6 Pts, 3.4 Reb, 1.9 Ast",duke,2013,Strake Jesuit College Prep,110,Duke,"Durham, North Carolina",1906,2025,120,3268,2335,933,.715,16.50,6.79,53,24,28,47,18,5,duke
34.0,SR,F,6-11,230,"Raleigh, NC",14 (2009),"12.9 Pts, 5.3 Reb, 1.7 Ast",duke,2013,Ravenscroft,110,Duke,"Durham, North Carolina",1906,2025,120,3268,2335,933,.715,16.50,6.79,53,24,28,47,18,5,duke
3.0,JR,G,6-2,190,"Washington, DC",,"3.6 Pts, 2.3 Reb, 2.2 Ast",duke,2013,Gonzaga,110,Duke,"Durham, North Carolina",1906,2025,120,3268,2335,933,.715,16.50,6.79,53,24,28,47,18,5,duke
21.0,FR,F,6-9,215,"Philadelphia, PA",21 (2012),"4.0 Pts, 2.9 Reb, 0.2 Ast",duke,2013,Friends Central School,110,Duke,"Durham, North Carolina",1906,2025,120,3268,2335,933,.715,16.50,6.79,53,24,28,47,18,5,duke
15.0,JR,F,6-8,235,"Fredericksburg, VA",32 (2010),"2.6 Pts, 2.1 Reb, 0.2 Ast",duke,2013,Montrose Christian (MD),110,Duke,"Durham, North Carolina",1906,2025,120,3268,2335,933,.715,16.50,6.79,53,24,28,47,18,5,duke
12.0,FR,F,6-8,225,"Wakefield, RI",49 (2011),"2.1 Pts, 1.0 Reb, 0.0 Ast",duke,2013,South Kingstown,110,Duke,"Durham, North Carolina",1906,2025,120,3268,2335,933,.715,16.50,6.79,53,24,28,47,18,5,duke
52.0,SR,F,6-9,245,"Lake Forest, IL",,"0.7 Pts, 0.4 Reb, 0.0 Ast",duke,2013,Lake Forest Academy,110,Duke,"Durham, North Carolina",1906,2025,120,3268,2335,933,.715,16.50,6.79,53,24,28,47,18,5,duke
40.0,FR,C,7-0,255,"Warsaw, IN",61 (2011),"0.1 Pts, 0.6 Reb, 0.1 Ast",duke,2013,Christ School (NC),110,Duke,"Durham, North Carolina",1906,2025,120,3268,2335,933,.715,16.50,6.79,53,24,28,47,18,5,duke
1.0,FR,F,6-8,235,"Chicago, IL",3 (2013),"19.1 Pts, 8.7 Reb, 1.2 Ast",duke,2014,Simeon Career Academy,110,Duke,"Durham, North Carolina",1906,2025,120,3268,2335,933,.715,16.50,6.79,53,24,28,47,18,5,duke
5.0,SO,F,6-8,215,"Meridian, MS",27 (2011),"16.1 Pts, 3.9 Reb, 2.1 Ast",duke,2014,Meridian,110,Duke,"Durham, North Carolina",1906,2025,120,3268,2335,933,.715,16.50,6.79,53,24,28,47,18,5,duke
2.0,JR,G,6-2,185,"Washington, DC",31 (2011),"11.6 Pts, 2.2 Reb, 4.4 Ast",duke,2014,Oak Hill Academy (VA),110,Duke,"Durham, North Carolina",1906,2025,120,3268,2335,933,.715,16.50,6.79,53,24,28,47,18,5,duke
14.0,SO,G,6-5,195,"Houston, TX",12 (2012),"9.9 Pts, 2.4 Reb, 2.4 Ast",duke,2014,Strake Jesuit College Prep,110,Duke,"Durham, North Carolina",1906,2025,120,3268,2335,933,.715,16.50,6.79,53,24,28,47,18,5,duke
34.0,SR,G,6-5,215,"Chesapeake, VA",,"7.9 Pts, 1.3 Reb, 0.4 Ast",duke,2014,Atlantic Shores Christian,110,Duke,"Durham, North Carolina",1906,2025,120,3268,2335,933,.715,16.50,6.79,53,24,28,47,18,5,duke
21.0,SO,F,6-9,215,"Philadelphia, PA",21 (2012),"6.5 Pts, 6.9 Reb, 1.0 Ast",duke,2014,Friends Central School,110,Duke,"Durham, North Carolina",1906,2025,120,3268,2335,933,.715,16.50,6.79,53,24,28,47,18,5,duke
3.0,SR,G,6-2,190,"Washington, DC",,"3.1 Pts, 1.8 Reb, 2.4 Ast",duke,2014,Gonzaga,110,Duke,"Durham, North Carolina",1906,2025,120,3268,2335,933,.715,16.50,6.79,53,24,28,47,18,5,duke
13.0,FR,G,6-5,210,"DeSoto, TX",34 (2013),"1.8 Pts, 0.8 Reb, 0.2 Ast",duke,2014,DeSoto HS,110,Duke,"Durham, North Carolina",1906,2025,120,3268,2335,933,.715,16.50,6.79,53,24,28,47,18,5,duke
15.0,SR,F,6-8,235,"Fredericksburg, VA",32 (2010),"1.4 Pts, 1.3 Reb, 0.4 Ast",duke,2014,Montrose Christian (MD),110,Duke,"Durham, North Carolina",1906,2025,120,3268,2335,933,.715,16.50,6.79,53,24,28,47,18,5,duke
40.0,SO,C,7-0,255,"Warsaw, IN",61 (2011),"1.3 Pts, 2.2 Reb, 0.3 Ast",duke,2014,Christ School (NC),110,Duke,"Durham, North Carolina",1906,2025,120,3268,2335,933,.715,16.50,6.79,53,24,28,47,18,5,duke
20.0,FR,F,6-8,230,"Ottawa, KS",32 (2013),"1.6 Pts, 0.9 Reb, 0.1 Ast",duke,2014,Ottawa,110,Duke,"Durham, North Carolina",1906,2025,120,3268,2335,933,.715,16.50,6.79,53,24,28,47,18,5,duke
12.0,SO,F,6-8,225,"Wakefield, RI",49 (2011),"1.0 Pts, 1.0 Reb, 0.4 Ast",duke,2014,South Kingstown,110,Duke,"Durham, North Carolina",1906,2025,120,3268,2335,933,.715,16.50,6.79,53,24,28,47,18,5,duke
45.0,FR,G,6-3,195,"Weston, MA",,"0.3 Pts, 0.7 Reb, 0.0 Ast",duke,2014,Milton Academy,110,Duke,"Durham, North Carolina",1906,2025,120,3268,2335,933,.715,16.50,6.79,53,24,28,47,18,5,duke
52.0,SR,F,6-9,245,"Lake Forest, IL",,"0.0 Pts, 0.3 Reb, 0.0 Ast",duke,2014,Lake Forest Academy,110,Duke,"Durham, North Carolina",1906,2025,120,3268,2335,933,.715,16.50,6.79,53,24,28,47,18,5,duke
15.0,FR,C,6-11,270,"Chicago, IL",1 (2014),"17.3 Pts, 8.5 Reb, 1.3 Ast",duke,2015,Whitney Young,110,Duke,"Durham, North Carolina",1906,2025,120,3268,2335,933,.715,16.50,6.79,53,24,28,47,18,5,duke
2.0,SR,G,6-2,185,"Washington, DC",31 (2011),"15.3 Pts, 3.4 Reb, 2.6 Ast",duke,2015,Oak Hill Academy (VA),110,Duke,"Durham, North Carolina",1906,2025,120,3268,2335,933,.715,16.50,6.79,53,24,28,47,18,5,duke
12.0,FR,F,6-6,225,"Houston, TX",13 (2014),"12.6 Pts, 6.5 Reb, 2.1 Ast",duke,2015,St. John's,110,Duke,"Durham, North Carolina",1906,2025,120,3268,2335,933,.715,16.50,6.79,53,24,28,47,18,5,duke
5.0,FR,G,6-1,190,"Apple Valley, MN",7 (2014),"11.8 Pts, 3.5 Reb, 5.6 Ast",duke,2015,Apple Valley,110,Duke,"Durham, North Carolina",1906,2025,120,3268,2335,933,.715,16.50,6.79,53,24,28,47,18,5,duke
21.0,JR,F,6-9,215,"Philadelphia, PA",21 (2012),"6.1 Pts, 5.8 Reb, 0.8 Ast",duke,2015,Friends Central School,110,Duke,"Durham, North Carolina",1906,2025,120,3268,2335,933,.715,16.50,6.79,53,24,28,47,18,5,duke
13.0,SO,G,6-5,210,"DeSoto, TX",34 (2013),"6.0 Pts, 2.3 Reb, 1.0 Ast",duke,2015,DeSoto HS,110,Duke,"Durham, North Carolina",1906,2025,120,3268,2335,933,.715,16.50,6.79,53,24,28,47,18,5,duke
3.0,FR,G,6-4,195,"Jacksonville, FL",24 (2014),"4.4 Pts, 1.0 Reb, 0.4 Ast",duke,2015,Providence,110,Duke,"Durham, North Carolina",1906,2025,120,3268,2335,933,.715,16.50,6.79,53,24,28,47,18,5,duke
14.0,JR,G,6-5,195,"Houston, TX",12 (2012),"7.5 Pts, 2.0 Reb, 1.8 Ast",duke,2015,Strake Jesuit College Prep,110,Duke,"Durham, North Carolina",1906,2025,120,3268,2335,933,.715,16.50,6.79,53,24,28,47,18,5,duke
40.0,JR,C,7-0,255,"Warsaw, IN",61 (2011),"2.2 Pts, 2.4 Reb, 0.3 Ast",duke,2015,Christ School (NC),110,Duke,"Durham, North Carolina",1906,2025,120,3268,2335,933,.715,16.50,6.79,53,24,28,47,18,5,duke
30.0,SO,F,6-8,230,"Ottawa, KS",32 (2013),"3.0 Pts, 2.3 Reb, 0.2 Ast",duke,2015,Ottawa,110,Duke,"Durham, North Carolina",1906,2025,120,3268,2335,933,.715,16.50,6.79,53,24,28,47,18,5,duke
45.0,SO,G,6-3,195,"Weston, MA",,"0.3 Pts, 0.4 Reb, 0.1 Ast",duke,2015,Milton Academy,110,Duke,"Durham, North Carolina",1906,2025,120,3268,2335,933,.715,16.50,6.79,53,24,28,47,18,5,duke
42.0,SR,G,6-3,195,"Raleigh, NC",,"0.0 Pts, 0.0 Reb, 0.2 Ast",duke,2015,Ravenscroft,110,Duke,"Durham, North Carolina",1906,2025,120,3268,2335,933,.715,16.50,6.79,53,24,28,47,18,5,duke
3.0,SO,G,6-4,195,"Jacksonville, FL",24 (2014),"21.6 Pts, 4.6 Reb, 3.5 Ast",duke,2016,Providence,110,Duke,"Durham, North Carolina",1906,2025,120,3268,2335,933,.715,16.50,6.79,53,24,28,47,18,5,duke
14.0,FR,G,6-9,190,"Kinston, NC",4 (2015),"17.3 Pts, 6.8 Reb, 2.0 Ast",duke,2016,Kinston HS,110,Duke,"Durham, North Carolina",1906,2025,120,3268,2335,933,.715,16.50,6.79,53,24,28,47,18,5,duke
5.0,FR,G,6-5,180,"Franklin, OH",21 (2015),"11.8 Pts, 3.6 Reb, 1.5 Ast",duke,2016,Franklin HS,110,Duke,"Durham, North Carolina",1906,2025,120,3268,2335,933,.715,16.50,6.79,53,24,28,47,18,5,duke
13.0,JR,G,6-5,210,"DeSoto, TX",34 (2013),"10.4 Pts, 2.5 Reb, 2.3 Ast",duke,2016,DeSoto HS,110,Duke,"Durham, North Carolina",1906,2025,120,3268,2335,933,.715,16.50,6.79,53,24,28,47,18,5,duke
40.0,SR,C,7-0,255,"Warsaw, IN",61 (2011),"8.3 Pts, 8.6 Reb, 1.1 Ast",duke,2016,Christ School (NC),110,Duke,"Durham, North Carolina",1906,2025,120,3268,2335,933,.715,16.50,6.79,53,24,28,47,18,5,duke
12.0,FR,G,6-3,195,"Los Angeles, CA",13 (2015),"7.1 Pts, 1.8 Reb, 2.5 Ast",duke,2016,Findlay Prep (NV),110,Duke,"Durham, North Carolina",1906,2025,120,3268,2335,933,.715,16.50,6.79,53,24,28,47,18,5,duke
21.0,SR,F,6-9,215,"Philadelphia, PA",21 (2012),"11.4 Pts, 10.3 Reb, 1.4 Ast",duke,2016,Friends Central School,110,Duke,"Durham, North Carolina",1906,2025,120,3268,2335,933,.715,16.50,6.79,53,24,28,47,18,5,duke
2.0,FR,C,6-10,240,"Las Vegas, NV",14 (2015),"1.9 Pts, 1.9 Reb, 0.1 Ast",duke,2016,Bishop Gorman HS,110,Duke,"Durham, North Carolina",1906,2025,120,3268,2335,933,.715,16.50,6.79,53,24,28,47,18,5,duke
34.0,SO,C,6-9,270,"Kaduna, Nigeria",,"0.5 Pts, 1.0 Reb, 0.0 Ast",duke,2016,Green Farms Academy,110,Duke,"Durham, North Carolina",1906,2025,120,3268,2335,933,.715,16.50,6.79,53,24,28,47,18,5,duke
30.0,FR,C,7-0,269,"Zagreb, Croatia",,"0.8 Pts, 1.4 Reb, 0.0 Ast",duke,2016,Pine Crest HS,110,Duke,"Durham, North Carolina",1906,2025,120,3268,2335,933,.715,16.50,6.79,53,24,28,47,18,5,duke
53.0,FR,G,6-5,190,"Chicago, IL",,"0.0 Pts, 0.0 Reb, 0.0 Ast",duke,2016,Latin School,110,Duke,"Durham, North Carolina",1906,2025,120,3268,2335,933,.715,16.50,6.79,53,24,28,47,18,5,duke
45.0,JR,G,6-3,195,"Weston, MA",,"0.0 Pts, 0.4 Reb, 0.0 Ast",duke,2016,Milton Academy,110,Duke,"Durham, North Carolina",1906,2025,120,3268,2335,933,.715,16.50,6.79,53,24,28,47,18,5,duke
5.0,SO,G,6-5,180,"Franklin, OH",21 (2015),"19.5 Pts, 5.1 Reb, 2.5 Ast",duke,2017,Franklin HS,110,Duke,"Durham, North Carolina",1906,2025,120,3268,2335,933,.715,16.50,6.79,53,24,28,47,18,5,duke
3.0,JR,G,6-4,195,"Jacksonville, FL",24 (2014),"14.5 Pts, 3.7 Reb, 3.5 Ast",duke,2017,Providence,110,Duke,"Durham, North Carolina",1906,2025,120,3268,2335,933,.715,16.50,6.79,53,24,28,47,18,5,duke
0.0,FR,F,6-8,205,"St. Louis, MO",3 (2016),"16.8 Pts, 7.3 Reb, 2.1 Ast",duke,2017,Chaminade College Preparatory School,110,Duke,"Durham, North Carolina",1906,2025,120,3268,2335,933,.715,16.50,6.79,53,24,28,47,18,5,duke
15.0,FR,G,6-3,205,"Alpine, UT",14 (2016),"10.9 Pts, 2.5 Reb, 1.7 Ast",duke,2017,Lone Peak High School,110,Duke,"Durham, North Carolina",1906,2025,120,3268,2335,933,.715,16.50,6.79,53,24,28,47,18,5,duke
21.0,SR,F,6-9,215,"Philadelphia, PA",21 (2012),"10.9 Pts, 8.4 Reb, 1.5 Ast",duke,2017,Friends Central School,110,Duke,"Durham, North Carolina",1906,2025,120,3268,2335,933,.715,16.50,6.79,53,24,28,47,18,5,duke
13.0,SR,G,6-5,210,"DeSoto, TX",34 (2013),"7.0 Pts, 2.8 Reb, 1.9 Ast",duke,2017,DeSoto HS,110,Duke,"Durham, North Carolina",1906,2025,120,3268,2335,933,.715,16.50,6.79,53,24,28,47,18,5,duke
1.0,FR,F,6-10,240,"Winston-salem, NC",2 (2016),"3.9 Pts, 3.8 Reb, 0.3 Ast",duke,2017,Wesleyan Christian Academy,110,Duke,"Durham, North Carolina",1906,2025,120,3268,2335,933,.715,16.50,6.79,53,24,28,47,18,5,duke
2.0,SO,C,6-10,240,"Las Vegas, NV",14 (2015),"2.6 Pts, 2.7 Reb, 0.4 Ast",duke,2017,Bishop Gorman HS,110,Duke,"Durham, North Carolina",1906,2025,120,3268,2335,933,.715,16.50,6.79,53,24,28,47,18,5,duke
20.0,FR,C,6-11,250,"DeSoto, TX",11 (2016),"1.5 Pts, 1.1 Reb, 0.1 Ast",duke,2017,DeSoto High School,110,Duke,"Durham, North Carolina",1906,2025,120,3268,2335,933,.715,16.50,6.79,53,24,28,47,18,5,duke
30.0,SO,C,7-0,269,"Zagreb, Croatia",,"2.5 Pts, 2.6 Reb, 0.4 Ast",duke,2017,Pine Crest HS,110,Duke,"Durham, North Carolina",1906,2025,120,3268,2335,933,.715,16.50,6.79,53,24,28,47,18,5,duke
41.0,FR,F,6-7,222,"Traralgon, Australia",,"2.1 Pts, 1.3 Reb, 0.1 Ast",duke,2017,Australian Institute of Sport,110,Duke,"Durham, North Carolina",1906,2025,120,3268,2335,933,.715,16.50,6.79,53,24,28,47,18,5,duke
12.0,FR,F,6-10,237,"Shipman, VA",35 (2016),"1.6 Pts, 1.9 Reb, 0.1 Ast",duke,2017,St. Anne's-Belfield School,110,Duke,"Durham, North Carolina",1906,2025,120,3268,2335,933,.715,16.50,6.79,53,24,28,47,18,5,duke
50.0,FR,F,6-9,202,"San Antonio, TX",,"0.2 Pts, 0.2 Reb, 0.0 Ast",duke,2017,San Antonio Christian School High School,110,Duke,"Durham, North Carolina",1906,2025,120,3268,2335,933,.715,16.50,6.79,53,24,28,47,18,5,duke
53.0,SO,G,6-5,190,"Chicago, IL",,"0.0 Pts, 0.0 Reb, 0.0 Ast",duke,2017,Latin School,110,Duke,"Durham, North Carolina",1906,2025,120,3268,2335,933,.715,16.50,6.79,53,24,28,47,18,5,duke
45.0,SR,G,6-3,195,"Weston, MA",,"0.0 Pts, 0.0 Reb, 0.4 Ast",duke,2017,Milton Academy,110,Duke,"Durham, North Carolina",1906,2025,120,3268,2335,933,.715,16.50,6.79,53,24,28,47,18,5,duke
35.0,FR,F,6-11,234,"Phoenix, AZ",1 (2017),"21.0 Pts, 11.1 Reb, 1.5 Ast",duke,2018,Sierra Canyon School,110,Duke,"Durham, North Carolina",1906,2025,120,3268,2335,933,.715,16.50,6.79,53,24,28,47,18,5,duke
3.0,SR,G,6-4,195,"Jacksonville, FL",24 (2014),"15.5 Pts, 3.3 Reb, 4.6 Ast",duke,2018,Providence,110,Duke,"Durham, North Carolina",1906,2025,120,3268,2335,933,.715,16.50,6.79,53,24,28,47,18,5,duke
2.0,FR,G,6-6,209,"Columbus, OH",14 (2017),"14.5 Pts, 4.2 Reb, 1.4 Ast",duke,2018,Prolific Prep,110,Duke,"Durham, North Carolina",1906,2025,120,3268,2335,933,.715,16.50,6.79,53,24,28,47,18,5,duke
34.0,FR,F,6-10,259,"Atlanta, GA",7 (2017),"13.5 Pts, 9.1 Reb, 2.0 Ast",duke,2018,Pace Academy,110,Duke,"Durham, North Carolina",1906,2025,120,3268,2335,933,.715,16.50,6.79,53,24,28,47,18,5,duke
1.0,FR,G,6-3,186,"New Castle, DE",5 (2017),"10.3 Pts, 2.0 Reb, 5.6 Ast",duke,2018,IMG Academy,110,Duke,"Durham, North Carolina",1906,2025,120,3268,2335,933,.715,16.50,6.79,53,24,28,47,18,5,duke
15.0,FR,G,6-6,180,"Roswell, GA",69 (2017),"3.3 Pts, 1.4 Reb, 0.5 Ast",duke,2018,Milton High School,110,Duke,"Durham, North Carolina",1906,2025,120,3268,2335,933,.715,16.50,6.79,53,24,28,47,18,5,duke
20.0,SO,C,6-11,250,"DeSoto, TX",11 (2016),"3.9 Pts, 3.6 Reb, 0.6 Ast",duke,2018,DeSoto High School,110,Duke,"Durham, North Carolina",1906,2025,120,3268,2335,933,.715,16.50,6.79,53,24,28,47,18,5,duke
12.0,SO,F,6-10,237,"Shipman, VA",35 (2016),"3.4 Pts, 4.0 Reb, 0.5 Ast",duke,2018,St. Anne's-Belfield School,110,Duke,"Durham, North Carolina",1906,2025,120,3268,2335,933,.715,16.50,6.79,53,24,28,47,18,5,duke
14.0,FR,G,6-2,184,"Norcross, GA",,"1.0 Pts, 0.5 Reb, 0.9 Ast",duke,2018,Norcross High School,110,Duke,"Durham, North Carolina",1906,2025,120,3268,2335,933,.715,16.50,6.79,53,24,28,47,18,5,duke
50.0,SO,F,6-9,202,"San Antonio, TX",,"1.4 Pts, 0.6 Reb, 0.1 Ast",duke,2018,San Antonio Christian School High School,110,Duke,"Durham, North Carolina",1906,2025,120,3268,2335,933,.715,16.50,6.79,53,24,28,47,18,5,duke
41.0,SO,F,6-7,222,"Traralgon, Australia",,"0.8 Pts, 1.5 Reb, 0.3 Ast",duke,2018,Australian Institute of Sport,110,Duke,"Durham, North Carolina",1906,2025,120,3268,2335,933,.715,16.50,6.79,53,24,28,47,18,5,duke
30.0,JR,C,7-0,269,"Zagreb, Croatia",,"1.0 Pts, 1.1 Reb, 0.5 Ast",duke,2018,Pine Crest HS,110,Duke,"Durham, North Carolina",1906,2025,120,3268,2335,933,.715,16.50,6.79,53,24,28,47,18,5,duke
5.0,FR,F,6-7,220,"White Plains, NY",59 (2017),"3.0 Pts, 0.5 Reb, 0.0 Ast",duke,2018,Joseph Wheeler High School,110,Duke,"Durham, North Carolina",1906,2025,120,3268,2335,933,.715,16.50,6.79,53,24,28,47,18,5,duke
51.0,FR,G,6-2,175,"Blue Bell, PA",,"0.8 Pts, 0.5 Reb, 0.3 Ast",duke,2018,Germantown Friends School,110,Duke,"Durham, North Carolina",1906,2025,120,3268,2335,933,.715,16.50,6.79,53,24,28,47,18,5,duke
5.0,FR,F,6-7,202,"Mississauga, Canada",1 (2018),"22.6 Pts, 7.6 Reb, 4.3 Ast",duke,2019,Monteverde Academy,110,Duke,"Durham, North Carolina",1906,2025,120,3268,2335,933,.715,16.50,6.79,53,24,28,47,18,5,duke
1.0,FR,F,6-7,285,"Spartanburg, SC",4 (2018),"22.6 Pts, 8.9 Reb, 2.1 Ast",duke,2019,Spartanburg Day School,110,Duke,"Durham, North Carolina",1906,2025,120,3268,2335,933,.715,16.50,6.79,53,24,28,47,18,5,duke
2.0,FR,F,6-8,218,"Norristown, PA",2 (2018),"13.5 Pts, 3.7 Reb, 1.9 Ast",duke,2019,Westtown School,110,Duke,"Durham, North Carolina",1906,2025,120,3268,2335,933,.715,16.50,6.79,53,24,28,47,18,5,duke
3.0,FR,G,6-3,185,"Apple Valley, MN",13 (2018),"9.4 Pts, 3.8 Reb, 5.3 Ast",duke,2019,Apple Valley HS,110,Duke,"Durham, North Carolina",1906,2025,120,3268,2335,933,.715,16.50,6.79,53,24,28,47,18,5,duke
20.0,JR,C,6-11,250,"DeSoto, TX",11 (2016),"5.3 Pts, 4.5 Reb, 0.5 Ast",duke,2019,DeSoto High School,110,Duke,"Durham, North Carolina",1906,2025,120,3268,2335,933,.715,16.50,6.79,53,24,28,47,18,5,duke
15.0,SO,G,6-6,180,"Roswell, GA",69 (2017),"4.4 Pts, 1.9 Reb, 0.6 Ast",duke,2019,Milton High School,110,Duke,"Durham, North Carolina",1906,2025,120,3268,2335,933,.715,16.50,6.79,53,24,28,47,18,5,duke
12.0,JR,F,6-10,237,"Shipman, VA",35 (2016),"3.8 Pts, 4.4 Reb, 0.4 Ast",duke,2019,St. Anne's-Belfield School,110,Duke,"Durham, North Carolina",1906,2025,120,3268,2335,933,.715,16.50,6.79,53,24,28,47,18,5,duke
41.0,JR,F,6-7,222,"Traralgon, Australia",,"4.1 Pts, 4.7 Reb, 0.7 Ast",duke,2019,Australian Institute of Sport,110,Duke,"Durham, North Carolina",1906,2025,120,3268,2335,933,.715,16.50,6.79,53,24,28,47,18,5,duke
14.0,SO,G,6-2,184,"Norcross, GA",,"0.9 Pts, 0.8 Reb, 0.7 Ast",duke,2019,Norcross High School,110,Duke,"Durham, North Carolina",1906,2025,120,3268,2335,933,.715,16.50,6.79,53,24,28,47,18,5,duke
30.0,SR,C,7-0,269,"Zagreb, Croatia",,"1.4 Pts, 1.3 Reb, 0.4 Ast",duke,2019,Pine Crest HS,110,Duke,"Durham, North Carolina",1906,2025,120,3268,2335,933,.715,16.50,6.79,53,24,28,47,18,5,duke
50.0,JR,F,6-9,202,"San Antonio, TX",,"1.2 Pts, 0.5 Reb, 0.1 Ast",duke,2019,San Antonio Christian School High School,110,Duke,"Durham, North Carolina",1906,2025,120,3268,2335,933,.715,16.50,6.79,53,24,28,47,18,5,duke
53.0,SR,G,6-5,190,"Chicago, IL",,"1.0 Pts, 0.8 Reb, 0.3 Ast",duke,2019,Latin School,110,Duke,"Durham, North Carolina",1906,2025,120,3268,2335,933,.715,16.50,6.79,53,24,28,47,18,5,duke
13.0,FR,F,6-6,201,"Fayetteville, NC",37 (2018),"0.8 Pts, 1.0 Reb, 0.0 Ast",duke,2019,Trinity Christian School,110,Duke,"Durham, North Carolina",1906,2025,120,3268,2335,933,.715,16.50,6.79,53,24,28,47,18,5,duke
51.0,SO,G,6-2,175,"Blue Bell, PA",,"0.0 Pts, 1.0 Reb, 0.3 Ast",duke,2019,Germantown Friends School,110,Duke,"Durham, North Carolina",1906,2025,120,3268,2335,933,.715,16.50,6.79,53,24,28,47,18,5,duke
1.0,FR,C,6-10,270,"Southwest Ranches, FL",5 (2019),"17.8 Pts, 8.8 Reb, 1.0 Ast",duke,2020,"NSU University School (Fort Lauderdale, FL)",110,Duke,"Durham, North Carolina",1906,2025,120,3268,2335,933,.715,16.50,6.79,53,24,28,47,18,5,duke
3.0,SO,G,6-3,185,"Apple Valley, MN",13 (2018),"16.2 Pts, 4.2 Reb, 6.4 Ast",duke,2020,Apple Valley HS,110,Duke,"Durham, North Carolina",1906,2025,120,3268,2335,933,.715,16.50,6.79,53,24,28,47,18,5,duke
2.0,FR,G,6-6,193,"Los Angeles, CA",33 (2019),"12.6 Pts, 4.9 Reb, 1.0 Ast",duke,2020,Sierra Canyon School (CA),110,Duke,"Durham, North Carolina",1906,2025,120,3268,2335,933,.715,16.50,6.79,53,24,28,47,18,5,duke
21.0,FR,F,6-9,235,"Rochester, MN",12 (2019),"9.7 Pts, 3.8 Reb, 0.9 Ast",duke,2020,John Marshall (MN),110,Duke,"Durham, North Carolina",1906,2025,120,3268,2335,933,.715,16.50,6.79,53,24,28,47,18,5,duke
0.0,FR,F,6-5,216,"Charlotte, NC",25 (2019),"7.4 Pts, 4.2 Reb, 1.9 Ast",duke,2020,Cox Mill (NC),110,Duke,"Durham, North Carolina",1906,2025,120,3268,2335,933,.715,16.50,6.79,53,24,28,47,18,5,duke
15.0,JR,G,6-6,180,"Roswell, GA",69 (2017),"5.2 Pts, 2.2 Reb, 0.8 Ast",duke,2020,Milton High School,110,Duke,"Durham, North Carolina",1906,2025,120,3268,2335,933,.715,16.50,6.79,53,24,28,47,18,5,duke
14.0,JR,G,6-2,184,"Norcross, GA",,"4.7 Pts, 2.5 Reb, 2.3 Ast",duke,2020,Norcross High School,110,Duke,"Durham, North Carolina",1906,2025,120,3268,2335,933,.715,16.50,6.79,53,24,28,47,18,5,duke
13.0,SO,F,6-6,201,"Fayetteville, NC",37 (2018),"5.0 Pts, 0.9 Reb, 0.8 Ast",duke,2020,Trinity Christian School,110,Duke,"Durham, North Carolina",1906,2025,120,3268,2335,933,.715,16.50,6.79,53,24,28,47,18,5,duke
12.0,SR,F,6-10,237,"Shipman, VA",35 (2016),"3.5 Pts, 3.5 Reb, 0.5 Ast",duke,2020,St. Anne's-Belfield School,110,Duke,"Durham, North Carolina",1906,2025,120,3268,2335,933,.715,16.50,6.79,53,24,28,47,18,5,duke
41.0,SR,F,6-7,222,"Traralgon, Australia",,"3.1 Pts, 2.9 Reb, 0.8 Ast",duke,2020,Australian Institute of Sport,110,Duke,"Durham, North Carolina",1906,2025,120,3268,2335,933,.715,16.50,6.79,53,24,28,47,18,5,duke
50.0,SR,F,6-9,202,"San Antonio, TX",,"2.8 Pts, 1.5 Reb, 0.5 Ast",duke,2020,San Antonio Christian School High School,110,Duke,"Durham, North Carolina",1906,2025,120,3268,2335,933,.715,16.50,6.79,53,24,28,47,18,5,duke
51.0,JR,G,6-2,175,"Blue Bell, PA",,"0.3 Pts, 0.9 Reb, 0.1 Ast",duke,2020,Germantown Friends School,110,Duke,"Durham, North Carolina",1906,2025,120,3268,2335,933,.715,16.50,6.79,53,24,28,47,18,5,duke
30.0,FR,G,6-0,185,"Durham, NC",,,duke,2020,Durham Academy,110,Duke,"Durham, North Carolina",1906,2025,120,3268,2335,933,.715,16.50,6.79,53,24,28,47,18,5,duke
45.0,FR,F,6-9,225,"Chapel Hill, NC",,,duke,2020,Blair Academy,110,Duke,"Durham, North Carolina",1906,2025,120,3268,2335,933,.715,16.50,6.79,53,24,28,47,18,5,duke
21.0,SO,F,6-9,235,"Rochester, MN",12 (2019),"18.3 Pts, 6.2 Reb, 1.4 Ast",duke,2021,John Marshall (MN),110,Duke,"Durham, North Carolina",1906,2025,120,3268,2335,933,.715,16.50,6.79,53,24,28,47,18,5,duke
2.0,FR,G,6-2,163,"Chicago, IL",24 (2020),"13.0 Pts, 3.9 Reb, 2.4 Ast",duke,2021,Whitney Young HS,110,Duke,"Durham, North Carolina",1906,2025,120,3268,2335,933,.715,16.50,6.79,53,24,28,47,18,5,duke
0.0,SO,F,6-5,216,"Charlotte, NC",25 (2019),"9.7 Pts, 4.8 Reb, 2.7 Ast",duke,2021,Cox Mill (NC),110,Duke,"Durham, North Carolina",1906,2025,120,3268,2335,933,.715,16.50,6.79,53,24,28,47,18,5,duke
3.0,FR,G,6-1,175,"Leesburg, VA",20 (2020),"8.7 Pts, 2.2 Reb, 2.8 Ast",duke,2021,Paul VI HS,110,Duke,"Durham, North Carolina",1906,2025,120,3268,2335,933,.715,16.50,6.79,53,24,28,47,18,5,duke
15.0,FR,C,7-0,243,"Virginia Beach, VA",25 (2020),"7.1 Pts, 4.5 Reb, 0.7 Ast",duke,2021,IMG Academy,110,Duke,"Durham, North Carolina",1906,2025,120,3268,2335,933,.715,16.50,6.79,53,24,28,47,18,5,duke
1.0,FR,F,6-9,220,"Milwaukee, WI",11 (2020),"11.2 Pts, 6.1 Reb, 2.2 Ast",duke,2021,Nicolet HS,110,Duke,"Durham, North Carolina",1906,2025,120,3268,2335,933,.715,16.50,6.79,53,24,28,47,18,5,duke
0.0,SR,G,6-2,184,"Norcross, GA",,"5.8 Pts, 2.9 Reb, 4.0 Ast",duke,2021,Norcross High School,110,Duke,"Durham, North Carolina",1906,2025,120,3268,2335,933,.715,16.50,6.79,53,24,28,47,18,5,duke
5.0,FR,F,6-8,216,"Jackson, MS",33 (2020),"3.5 Pts, 2.5 Reb, 0.5 Ast",duke,2021,Huntington Prep School,110,Duke,"Durham, North Carolina",1906,2025,120,3268,2335,933,.715,16.50,6.79,53,24,28,47,18,5,duke
13.0,JR,F,6-6,201,"Fayetteville, NC",37 (2018),"2.9 Pts, 1.2 Reb, 0.4 Ast",duke,2021,Trinity Christian School,110,Duke,"Durham, North Carolina",1906,2025,120,3268,2335,933,.715,16.50,6.79,53,24,28,47,18,5,duke
15.0,FR,F,6-7,229,"Richmond, VA",49 (2020),"1.1 Pts, 1.4 Reb, 0.2 Ast",duke,2021,Trinity Episcopal (VA),110,Duke,"Durham, North Carolina",1906,2025,120,3268,2335,933,.715,16.50,6.79,53,24,28,47,18,5,duke
,SR,F,6-9,233,"Charlotte, NC",,"1.1 Pts, 1.1 Reb, 0.3 Ast",duke,2021,Queens Grant High School,110,Duke,"Durham, North Carolina",1906,2025,120,3268,2335,933,.715,16.50,6.79,53,24,28,47,18,5,duke
45.0,SO,F,6-9,225,"Chapel Hill, NC",,"1.5 Pts, 1.0 Reb, 0.0 Ast",duke,2021,Blair Academy,110,Duke,"Durham, North Carolina",1906,2025,120,3268,2335,933,.715,16.50,6.79,53,24,28,47,18,5,duke
51.0,SR,G,6-2,175,"Blue Bell, PA",,"0.5 Pts, 0.3 Reb, 0.0 Ast",duke,2021,Germantown Friends School,110,Duke,"Durham, North Carolina",1906,2025,120,3268,2335,933,.715,16.50,6.79,53,24,28,47,18,5,duke
30.0,SO,G,6-0,185,"Durham, NC",,"0.5 Pts, 0.5 Reb, 0.5 Ast",duke,2021,Durham Academy,110,Duke,"Durham, North Carolina",1906,2025,120,3268,2335,933,.715,16.50,6.79,53,24,28,47,18,5,duke
5.0,FR,F,6-10,250,"Seattle, WA",2 (2021),"17.2 Pts, 7.8 Reb, 3.2 Ast",duke,2022,O'Dea HS,110,Duke,"Durham, North Carolina",1906,2025,120,3268,2335,933,.715,16.50,6.79,53,24,28,47,18,5,duke
0.0,JR,F,6-5,216,"Charlotte, NC",25 (2019),"13.4 Pts, 5.3 Reb, 4.4 Ast",duke,2022,Cox Mill (NC),110,Duke,"Durham, North Carolina",1906,2025,120,3268,2335,933,.715,16.50,6.79,53,24,28,47,18,5,duke
15.0,SO,C,7-0,243,"Virginia Beach, VA",25 (2020),"11.2 Pts, 7.4 Reb, 0.9 Ast",duke,2022,IMG Academy,110,Duke,"Durham, North Carolina",1906,2025,120,3268,2335,933,.715,16.50,6.79,53,24,28,47,18,5,duke
1.0,FR,G,6-4,221,"Clinton, MD",19 (2021),"11.5 Pts, 3.4 Reb, 2.7 Ast",duke,2022,Paul VI HS,110,Duke,"Durham, North Carolina",1906,2025,120,3268,2335,933,.715,16.50,6.79,53,24,28,47,18,5,duke
21.0,FR,F,6-6,222,"White Plains, NY",18 (2021),"10.4 Pts, 3.9 Reb, 1.0 Ast",duke,2022,Archbishop Stepinac HS,110,Duke,"Durham, North Carolina",1906,2025,120,3268,2335,933,.715,16.50,6.79,53,24,28,47,18,5,duke
3.0,SO,G,6-1,175,"Leesburg, VA",20 (2020),"8.6 Pts, 2.4 Reb, 3.2 Ast",duke,2022,Paul VI HS,110,Duke,"Durham, North Carolina",1906,2025,120,3268,2335,933,.715,16.50,6.79,53,24,28,47,18,5,duke
13.0,SR,F,6-6,201,"Fayetteville, NC",37 (2018),"4.5 Pts, 1.2 Reb, 0.4 Ast",duke,2022,Trinity Christian School,110,Duke,"Durham, North Carolina",1906,2025,120,3268,2335,933,.715,16.50,6.79,53,24,28,47,18,5,duke
12.0,SR,F,6-9,255,"Minneapolis, MN",,"2.8 Pts, 2.5 Reb, 0.4 Ast",duke,2022,Champlin Park High School,110,Duke,"Durham, North Carolina",1906,2025,120,3268,2335,933,.715,16.50,6.79,53,24,28,47,18,5,duke
25.0,SR,F,6-8,225,"Charlotte, NC",,"1.4 Pts, 1.1 Reb, 0.4 Ast",duke,2022,Charlotte Latin High School,110,Duke,"Durham, North Carolina",1906,2025,120,3268,2335,933,.715,16.50,6.79,53,24,28,47,18,5,duke
2.0,FR,G,6-1,208,"Somerset, NJ",,"1.0 Pts, 0.7 Reb, 0.5 Ast",duke,2022,Blair Academy HS,110,Duke,"Durham, North Carolina",1906,2025,120,3268,2335,933,.715,16.50,6.79,53,24,28,47,18,5,duke
30.0,JR,G,6-0,185,"Durham, NC",,"1.1 Pts, 0.5 Reb, 0.0 Ast",duke,2022,Durham Academy,110,Duke,"Durham, North Carolina",1906,2025,120,3268,2335,933,.715,16.50,6.79,53,24,28,47,18,5,duke
45.0,JR,F,6-9,225,"Chapel Hill, NC",,"0.3 Pts, 1.3 Reb, 0.0 Ast",duke,2022,Blair Academy,110,Duke,"Durham, North Carolina",1906,2025,120,3268,2335,933,.715,16.50,6.79,53,24,28,47,18,5,duke
55.0,,G,5-8,160,"Los Angeles, CA",,"0.3 Pts, 0.3 Reb, 0.0 Ast",duke,2022,Harvard Westlake HS,110,Duke,"Durham, North Carolina",1906,2025,120,3268,2335,933,.715,16.50,6.79,53,24,28,47,18,5,duke
52.0,,C,7-0,240,"Istanbul, Türkiye",,"0.0 Pts, 1.0 Reb, 0.0 Ast",duke,2022,Istanbul Int'l Community School,110,Duke,"Durham, North Carolina",1906,2025,120,3268,2335,933,.715,16.50,6.79,53,24,28,47,18,5,duke
30.0,FR,C,7-0,230,"Westtown, NY",4 (2022),"15.1 Pts, 9.0 Reb, 1.6 Ast",duke,2023,Wilbraham & Monson (MA),110,Duke,"Durham, North Carolina",1906,2025,120,3268,2335,933,.715,16.50,6.79,53,24,28,47,18,5,duke
3.0,JR,G,6-1,175,"Leesburg, VA",20 (2020),"13.6 Pts, 2.5 Reb, 3.1 Ast",duke,2023,Paul VI HS,110,Duke,"Durham, North Carolina",1906,2025,120,3268,2335,933,.715,16.50,6.79,53,24,28,47,18,5,duke
5.0,FR,G,6-5,175,"Sydney, Australia",97 (2022),"9.4 Pts, 3.1 Reb, 3.3 Ast",duke,2023,NBA Global Academy,110,Duke,"Durham, North Carolina",1906,2025,120,3268,2335,933,.715,16.50,6.79,53,24,28,47,18,5,duke
25.0,FR,F,6-8,220,"Kansas City, KS",22 (2022),"9.1 Pts, 4.5 Reb, 1.2 Ast",duke,2023,Sunrise Christian (KS),110,Duke,"Durham, North Carolina",1906,2025,120,3268,2335,933,.715,16.50,6.79,53,24,28,47,18,5,duke
0.0,FR,F,6-7,220,"Newark, NJ",1 (2022),"8.3 Pts, 2.4 Reb, 1.0 Ast",duke,2023,Montverde Academy (FL),110,Duke,"Durham, North Carolina",1906,2025,120,3268,2335,933,.715,16.50,6.79,53,24,28,47,18,5,duke
15.0,SR,G,6-10,245,"Stweartsville, NJ",,"6.4 Pts, 5.5 Reb, 1.3 Ast",duke,2023,Bethlehem Catholic HS,110,Duke,"Durham, North Carolina",1906,2025,120,3268,2335,933,.715,16.50,6.79,53,24,28,47,18,5,duke
1.0,FR,C,7-1,230,"Philadelphia, PA",2 (2022),"5.2 Pts, 5.4 Reb, 1.1 Ast",duke,2023,Westtown School (PA),110,Duke,"Durham, North Carolina",1906,2025,120,3268,2335,933,.715,16.50,6.79,53,24,28,47,18,5,duke
13.0,SR,G,6-6,205,"Oakland, CA",,"4.4 Pts, 2.0 Reb, 1.3 Ast",duke,2023,Phillips Exeter Academy,110,Duke,"Durham, North Carolina",1906,2025,120,3268,2335,933,.715,16.50,6.79,53,24,28,47,18,5,duke
2.0,SO,G,6-1,208,"Somerset, NJ",,"3.3 Pts, 1.5 Reb, 1.3 Ast",duke,2023,Blair Academy HS,110,Duke,"Durham, North Carolina",1906,2025,120,3268,2335,933,.715,16.50,6.79,53,24,28,47,18,5,duke
14.0,FR,G,6-5,185,"Yorkville, IL",59 (2022),"2.1 Pts, 1.1 Reb, 0.4 Ast",duke,2023,Yorkville Christian (IL),110,Duke,"Durham, North Carolina",1906,2025,120,3268,2335,933,.715,16.50,6.79,53,24,28,47,18,5,duke
21.0,FR,C,7-1,245,"Charlotte, NC",,"1.5 Pts, 0.9 Reb, 0.1 Ast",duke,2023,Oak Hill Academy (VA),110,Duke,"Durham, North Carolina",1906,2025,120,3268,2335,933,.715,16.50,6.79,53,24,28,47,18,5,duke
12.0,SR,F,6-6,220,"O'Fallon, MO",,"0.8 Pts, 0.8 Reb, 0.2 Ast",duke,2023,Liberty HS,110,Duke,"Durham, North Carolina",1906,2025,120,3268,2335,933,.715,16.50,6.79,53,24,28,47,18,5,duke
52.0,SO,C,7-0,240,"Istanbul, Türkiye",,"0.0 Pts, 1.0 Reb, 0.0 Ast",duke,2023,Istanbul Int'l Community School,110,Duke,"Durham, North Carolina",1906,2025,120,3268,2335,933,.715,16.50,6.79,53,24,28,47,18,5,duke
55.0,JR,G,5-8,160,"Los Angeles, CA",,"0.0 Pts, 0.3 Reb, 0.0 Ast",duke,2023,Harvard Westlake HS,110,Duke,"Durham, North Carolina",1906,2025,120,3268,2335,933,.715,16.50,6.79,53,24,28,47,18,5,duke
41.0,SR,G,6-3,195,"High Point, NC",,"0.0 Pts, 0.4 Reb, 0.2 Ast",duke,2023,Woodberry Forest HS,110,Duke,"Durham, North Carolina",1906,2025,120,3268,2335,933,.715,16.50,6.79,53,24,28,47,18,5,duke
30.0,SO,C,7-0,230,"Westtown, NY",4 (2022),"16.4 Pts, 8.3 Reb, 2.8 Ast",duke,2024,Wilbraham & Monson (MA),110,Duke,"Durham, North Carolina",1906,2025,120,3268,2335,933,.715,16.50,6.79,53,24,28,47,18,5,duke
0.0,FR,G,6-3,197,"Corona, CA",12 (2023),"14.3 Pts, 5.0 Reb, 1.9 Ast",duke,2024,"Centennial (Corona, CA)",110,Duke,"Durham, North Carolina",1906,2025,120,3268,2335,933,.715,16.50,6.79,53,24,28,47,18,5,duke
3.0,SR,G,6-1,175,"Leesburg, VA",20 (2020),"14.0 Pts, 2.5 Reb, 3.3 Ast",duke,2024,Paul VI HS,110,Duke,"Durham, North Carolina",1906,2025,120,3268,2335,933,.715,16.50,6.79,53,24,28,47,18,5,duke
25.0,SO,F,6-8,220,"Kansas City, KS",22 (2022),"11.6 Pts, 6.0 Reb, 1.1 Ast",duke,2024,Sunrise Christian (KS),110,Duke,"Durham, North Carolina",1906,2025,120,3268,2335,933,.715,16.50,6.79,53,24,28,47,18,5,duke
5.0,SO,G,6-5,175,"Sydney, Australia",97 (2022),"10.5 Pts, 3.0 Reb, 3.7 Ast",duke,2024,NBA Global Academy,110,Duke,"Durham, North Carolina",1906,2025,120,3268,2335,933,.715,16.50,6.79,53,24,28,47,18,5,duke
1.0,FR,G,6-5,197,"Sherman Oaks, CA",17 (2023),"7.7 Pts, 2.4 Reb, 2.1 Ast",duke,2024,"Oak Hill Academy (VA); Notre Dame (Sherman Oaks, CA)",110,Duke,"Durham, North Carolina",1906,2025,120,3268,2335,933,.715,16.50,6.79,53,24,28,47,18,5,duke
15.0,SR,G,6-10,245,"Stweartsville, NJ",,"2.8 Pts, 3.4 Reb, 0.8 Ast",duke,2024,Bethlehem Catholic HS,110,Duke,"Durham, North Carolina",1906,2025,120,3268,2335,933,.715,16.50,6.79,53,24,28,47,18,5,duke
13.0,FR,F,6-9,227,"Windermere, FL",15 (2023),"2.6 Pts, 3.2 Reb, 0.2 Ast",duke,2024,Windermere (FL); Montverde Academy (FL),110,Duke,"Durham, North Carolina",1906,2025,120,3268,2335,933,.715,16.50,6.79,53,24,28,47,18,5,duke
2.0,JR,G,6-1,208,"Somerset, NJ",,"1.8 Pts, 0.8 Reb, 0.4 Ast",duke,2024,Blair Academy HS,110,Duke,"Durham, North Carolina",1906,2025,120,3268,2335,933,.715,16.50,6.79,53,24,28,47,18,5,duke
12.0,FR,F,6-9,216,"Shrewsbury, MA",21 (2023),"2.1 Pts, 0.7 Reb, 0.2 Ast",duke,2024,Worcester Academy (MA),110,Duke,"Durham, North Carolina",1906,2025,120,3268,2335,933,.715,16.50,6.79,53,24,28,47,18,5,duke
55.0,SR,G,5-8,160,"Los Angeles, CA",,"0.6 Pts, 0.3 Reb, 0.2 Ast",duke,2024,Harvard Westlake HS,110,Duke,"Durham, North Carolina",1906,2025,120,3268,2335,933,.715,16.50,6.79,53,24,28,47,18,5,duke
21.0,SO,C,7-1,245,"Charlotte, NC",,"1.7 Pts, 1.7 Reb, 0.0 Ast",duke,2024,Oak Hill Academy (VA),110,Duke,"Durham, North Carolina",1906,2025,120,3268,2335,933,.715,16.50,6.79,53,24,28,47,18,5,duke
20.0,SR,F,6-9,225,"San Francisco, CA",,"0.3 Pts, 0.5 Reb, 0.0 Ast",duke,2024,St. Ignatius College Prep,110,Duke,"Durham, North Carolina",1906,2025,120,3268,2335,933,.715,16.50,6.79,53,24,28,47,18,5,duke
2.0,FR,F,6-9,205,"Newport, ME",1 (2024),"19.2 Pts, 7.5 Reb, 4.2 Ast",duke,2025,Nokomis Regional (ME); Montverde Academy (FL),110,Duke,"Durham, North Carolina",1906,2025,120,3268,2335,933,.715,16.50,6.79,53,24,28,47,18,5,duke
7.0,FR,G,6-7,217,"Milwaukee, WI",14 (2024),"14.4 Pts, 4.0 Reb, 2.7 Ast",duke,2025,Wisconsin Lutheran (WI),110,Duke,"Durham, North Carolina",1906,2025,120,3268,2335,933,.715,16.50,6.79,53,24,28,47,18,5,duke
5.0,JR,G,6-5,175,"Sydney, Australia",97 (2022),"12.4 Pts, 3.0 Reb, 2.2 Ast",duke,2025,NBA Global Academy,110,Duke,"Durham, North Carolina",1906,2025,120,3268,2335,933,.715,16.50,6.79,53,24,28,47,18,5,duke
14.0,SR,G,6-5,185,"Buford, GA",,"8.6 Pts, 4.2 Reb, 2.9 Ast",duke,2025,Lanier HS,110,Duke,"Durham, North Carolina",1906,2025,120,3268,2335,933,.715,16.50,6.79,53,24,28,47,18,5,duke
9.0,FR,C,7-2,250,"Rumbek, South Sudan",51 (2024),"8.6 Pts, 6.6 Reb, 0.5 Ast",duke,2025,NBA Academy Africa (Senegal),110,Duke,"Durham, North Carolina",1906,2025,120,3268,2335,933,.715,16.50,6.79,53,24,28,47,18,5,duke
3.0,FR,G,6-6,175,"Fayetteville, NC",16 (2024),"6.8 Pts, 1.1 Reb, 0.5 Ast",duke,2025,North Mecklenburg (NC),110,Duke,"Durham, North Carolina",1906,2025,120,3268,2335,933,.715,16.50,6.79,53,24,28,47,18,5,duke
1.0,SO,G,6-5,197,"Sherman Oaks, CA",17 (2023),"4.9 Pts, 1.7 Reb, 1.4 Ast",duke,2025,"Oak Hill Academy (VA); Notre Dame (Sherman Oaks, CA)",110,Duke,"Durham, North Carolina",1906,2025,120,3268,2335,933,.715,16.50,6.79,53,24,28,47,18,5,duke
18.0,SR,F,6-6,230,"New Castle, IN",,"4.1 Pts, 2.6 Reb, 0.8 Ast",duke,2025,New Castle (IN),110,Duke,"Durham, North Carolina",1906,2025,120,3268,2335,933,.715,16.50,6.79,53,24,28,47,18,5,duke
21.0,FR,C,6-11,250,"Manassas, VA",24 (2024),"3.9 Pts, 2.7 Reb, 0.8 Ast",duke,2025,St. Paul VI (VA),110,Duke,"Durham, North Carolina",1906,2025,120,3268,2335,933,.715,16.50,6.79,53,24,28,47,18,5,duke
6.0,JR,F,6-8,213,"Culpeper, VA",,"2.5 Pts, 3.7 Reb, 1.5 Ast",duke,2025,Blue Ridge (VA),110,Duke,"Durham, North Carolina",1906,2025,120,3268,2335,933,.715,16.50,6.79,53,24,28,47,18,5,duke
8.0,FR,G,6-6,203,"Herndon, VA",35 (2024),"2.0 Pts, 1.1 Reb, 0.3 Ast",duke,2025,St. Paul VI (VA),110,Duke,"Durham, North Carolina",1906,2025,120,3268,2335,933,.715,16.50,6.79,53,24,28,47,18,5,duke
55.0,SR,G,5-8,160,"Los Angeles, CA",,"1.1 Pts, 0.2 Reb, 0.3 Ast",duke,2025,Harvard Westlake HS,110,Duke,"Durham, North Carolina",1906,2025,120,3268,2335,933,.715,16.50,6.79,53,24,28,47,18,5,duke
20.0,SR,F,6-9,225,"San Francisco, CA",,"0.6 Pts, 0.8 Reb, 0.2 Ast",duke,2025,St. Ignatius College Prep,110,Duke,"Durham, North Carolina",1906,2025,120,3268,2335,933,.715,16.50,6.79,53,24,28,47,18,5,duke
13.0,JR,G,6-6,180,"ALpharetta, GA",,"0.4 Pts, 0.4 Reb, 0.2 Ast",duke,2025,Chattahoochee HS,110,Duke,"Durham, North Carolina",1906,2025,120,3268,2335,933,.715,16.50,6.79,53,24,28,47,18,5,duke
52.0,SR,C,7-0,240,"Istanbul, Türkiye",,"0.0 Pts, 0.3 Reb, 0.0 Ast",duke,2025,Istanbul Int'l Community School,110,Duke,"Durham, North Carolina",1906,2025,120,3268,2335,933,.715,16.50,6.79,53,24,28,47,18,5,duke
0.0,SO,F,6-9,225,"Dallas, TX",11 (2006),"12.8 Pts, 6.3 Reb, 0.8 Ast",kansas,2008,,186,Kansas,"Lawrence, Kansas",1899,2025,127,3338,2429,909,.728,15.94,7.45,49,64,16,53,16,4,kansas
25.0,JR,G,6-6,210,"Kansas City, MO",23 (2005),"13.3 Pts, 5.1 Reb, 2.1 Ast",kansas,2008,,186,Kansas,"Lawrence, Kansas",1899,2025,127,3338,2429,909,.728,15.94,7.45,49,64,16,53,16,4,kansas
15.0,JR,G,6-1,190,"Anchorage, AK",8 (2005),"12.8 Pts, 3.1 Reb, 4.3 Ast",kansas,2008,,186,Kansas,"Lawrence, Kansas",1899,2025,127,3338,2429,909,.728,15.94,7.45,49,64,16,53,16,4,kansas
32.0,SR,F,6-9,253,"Oklahoma City, OK",68 (2004),"11.2 Pts, 6.7 Reb, 1.1 Ast",kansas,2008,,186,Kansas,"Lawrence, Kansas",1899,2025,127,3338,2429,909,.728,15.94,7.45,49,64,16,53,16,4,kansas
4.0,SO,G,5-11,205,"Chicago, IL",14 (2006),"9.3 Pts, 2.2 Reb, 3.1 Ast",kansas,2008,,186,Kansas,"Lawrence, Kansas",1899,2025,127,3338,2429,909,.728,15.94,7.45,49,64,16,53,16,4,kansas
3.0,SR,G,6-1,205,"New York, NY",31 (2004),"7.3 Pts, 2.8 Reb, 4.1 Ast",kansas,2008,,186,Kansas,"Lawrence, Kansas",1899,2025,127,3338,2429,909,.728,15.94,7.45,49,64,16,53,16,4,kansas
24.0,SR,C,6-11,250,"Melbourne, FL",43 (2004),"7.1 Pts, 3.9 Reb, 0.3 Ast",kansas,2008,,186,Kansas,"Lawrence, Kansas",1899,2025,127,3338,2429,909,.728,15.94,7.45,49,64,16,53,16,4,kansas
45.0,FR,C,6-11,245,"Bloomington, MN",22 (2007),"2.8 Pts, 3.0 Reb, 0.1 Ast",kansas,2008,,186,Kansas,"Lawrence, Kansas",1899,2025,127,3338,2429,909,.728,15.94,7.45,49,64,16,53,16,4,kansas
5.0,SR,G,6-4,200,"Seattle, WA",36 (2003),"2.8 Pts, 2.2 Reb, 1.4 Ast",kansas,2008,,186,Kansas,"Lawrence, Kansas",1899,2025,127,3338,2429,909,.728,15.94,7.45,49,64,16,53,16,4,kansas
10.0,SR,G,6-1,190,"McAlester, OK",,"1.6 Pts, 0.3 Reb, 0.9 Ast",kansas,2008,,186,Kansas,"Lawrence, Kansas",1899,2025,127,3338,2429,909,.728,15.94,7.45,49,64,16,53,16,4,kansas
14.0,FR,G,6-3,193,"Burlington, KS",63 (2007),"2.0 Pts, 0.4 Reb, 0.9 Ast",kansas,2008,,186,Kansas,"Lawrence, Kansas",1899,2025,127,3338,2429,909,.728,15.94,7.45,49,64,16,53,16,4,kansas
2.0,FR,G,6-5,212,"Leawood, KS",,"2.2 Pts, 0.4 Reb, 0.3 Ast",kansas,2008,,186,Kansas,"Lawrence, Kansas",1899,2025,127,3338,2429,909,.728,15.94,7.45,49,64,16,53,16,4,kansas
10.0,JR,G,6-0,185,"Lawrence, KS",,"1.2 Pts, 0.3 Reb, 0.2 Ast",kansas,2008,,186,Kansas,"Lawrence, Kansas",1899,2025,127,3338,2429,909,.728,15.94,7.45,49,64,16,53,16,4,kansas
54.0,JR,C,6-10,250,"Overland Park, KS",,"0.4 Pts, 0.7 Reb, 0.1 Ast",kansas,2008,,186,Kansas,"Lawrence, Kansas",1899,2025,127,3338,2429,909,.728,15.94,7.45,49,64,16,53,16,4,kansas
41.0,FR,G,6-3,210,"San Antonio, TX",,"0.2 Pts, 0.4 Reb, 0.1 Ast",kansas,2008,,186,Kansas,"Lawrence, Kansas",1899,2025,127,3338,2429,909,.728,15.94,7.45,49,64,16,53,16,4,kansas
40.0,SO,G,6-1,190,"Humboldt, KS",,"0.2 Pts, 0.3 Reb, 0.3 Ast",kansas,2008,,186,Kansas,"Lawrence, Kansas",1899,2025,127,3338,2429,909,.728,15.94,7.45,49,64,16,53,16,4,kansas
4.0,JR,G,5-11,205,"Chicago, IL",14 (2006),"18.9 Pts, 2.9 Reb, 5.0 Ast",kansas,2009,,186,Kansas,"Lawrence, Kansas",1899,2025,127,3338,2429,909,.728,15.94,7.45,49,64,16,53,16,4,kansas
45.0,SO,C,6-11,245,"Bloomington, MN",22 (2007),"14.9 Pts, 11.1 Reb, 1.0 Ast",kansas,2009,,186,Kansas,"Lawrence, Kansas",1899,2025,127,3338,2429,909,.728,15.94,7.45,49,64,16,53,16,4,kansas
10.0,FR,G,6-3,185,"Hoboken, NJ",73 (2008),"9.7 Pts, 2.2 Reb, 3.0 Ast",kansas,2009,,186,Kansas,"Lawrence, Kansas",1899,2025,127,3338,2429,909,.728,15.94,7.45,49,64,16,53,16,4,kansas
22.0,FR,F,6-9,235,"Philadelphia, PA","62 (2007), 63 (2008)","7.4 Pts, 4.7 Reb, 1.1 Ast",kansas,2009,,186,Kansas,"Lawrence, Kansas",1899,2025,127,3338,2429,909,.728,15.94,7.45,49,64,16,53,16,4,kansas
12.0,SO,G,6-4,185,"Lawrence, KS",,"6.5 Pts, 3.0 Reb, 2.6 Ast",kansas,2009,,186,Kansas,"Lawrence, Kansas",1899,2025,127,3338,2429,909,.728,15.94,7.45,49,64,16,53,16,4,kansas
14.0,SO,G,6-3,193,"Burlington, KS",63 (2007),"6.5 Pts, 1.9 Reb, 1.1 Ast",kansas,2009,,186,Kansas,"Lawrence, Kansas",1899,2025,127,3338,2429,909,.728,15.94,7.45,49,64,16,53,16,4,kansas
21.0,FR,C,6-10,245,"Philadelphia, PA","92 (2007), 67 (2008)","4.6 Pts, 4.4 Reb, 1.0 Ast",kansas,2009,,186,Kansas,"Lawrence, Kansas",1899,2025,127,3338,2429,909,.728,15.94,7.45,49,64,16,53,16,4,kansas
23.0,JR,G,6-6,218,"Chicago, IL",,"4.7 Pts, 3.2 Reb, 0.9 Ast",kansas,2009,,186,Kansas,"Lawrence, Kansas",1899,2025,127,3338,2429,909,.728,15.94,7.45,49,64,16,53,16,4,kansas
24.0,FR,G,6-6,210,"Kansas City, MO",49 (2008),"2.7 Pts, 1.4 Reb, 0.2 Ast",kansas,2009,,186,Kansas,"Lawrence, Kansas",1899,2025,127,3338,2429,909,.728,15.94,7.45,49,64,16,53,16,4,kansas
1.0,FR,F,6-8,245,"Newark, NJ",90 (2008),"1.5 Pts, 2.0 Reb, 0.1 Ast",kansas,2009,,186,Kansas,"Lawrence, Kansas",1899,2025,127,3338,2429,909,.728,15.94,7.45,49,64,16,53,16,4,kansas
32.0,JR,G,6-2,203,"Gary, IN",,"0.8 Pts, 0.3 Reb, 0.3 Ast",kansas,2009,,186,Kansas,"Lawrence, Kansas",1899,2025,127,3338,2429,909,.728,15.94,7.45,49,64,16,53,16,4,kansas
2.0,SO,G,6-5,212,"Leawood, KS",,"0.7 Pts, 0.9 Reb, 0.1 Ast",kansas,2009,,186,Kansas,"Lawrence, Kansas",1899,2025,127,3338,2429,909,.728,15.94,7.45,49,64,16,53,16,4,kansas
54.0,SR,C,6-10,250,"Overland Park, KS",,"0.4 Pts, 0.6 Reb, 0.0 Ast",kansas,2009,,186,Kansas,"Lawrence, Kansas",1899,2025,127,3338,2429,909,.728,15.94,7.45,49,64,16,53,16,4,kansas
41.0,SO,G,6-3,210,"San Antonio, TX",,"0.4 Pts, 0.5 Reb, 0.0 Ast",kansas,2009,,186,Kansas,"Lawrence, Kansas",1899,2025,127,3338,2429,909,.728,15.94,7.45,49,64,16,53,16,4,kansas
10.0,SR,G,6-0,185,"Lawrence, KS",,"0.1 Pts, 0.1 Reb, 0.2 Ast",kansas,2009,,186,Kansas,"Lawrence, Kansas",1899,2025,127,3338,2429,909,.728,15.94,7.45,49,64,16,53,16,4,kansas
25.0,FR,G,6-3,195,"Hays, KS",,"0.0 Pts, 0.0 Reb, 0.0 Ast",kansas,2009,,186,Kansas,"Lawrence, Kansas",1899,2025,127,3338,2429,909,.728,15.94,7.45,49,64,16,53,16,4,kansas
4.0,SR,G,5-11,205,"Chicago, IL",14 (2006),"15.5 Pts, 2.1 Reb, 4.5 Ast",kansas,2010,,186,Kansas,"Lawrence, Kansas",1899,2025,127,3338,2429,909,.728,15.94,7.45,49,64,16,53,16,4,kansas
1.0,FR,G,6-6,220,"Oklahoma City, OK",6 (2009),"13.4 Pts, 4.4 Reb, 1.5 Ast",kansas,2010,,186,Kansas,"Lawrence, Kansas",1899,2025,127,3338,2429,909,.728,15.94,7.45,49,64,16,53,16,4,kansas
22.0,SO,F,6-9,235,"Philadelphia, PA","62 (2007), 63 (2008)","12.8 Pts, 6.1 Reb, 1.0 Ast",kansas,2010,,186,Kansas,"Lawrence, Kansas",1899,2025,127,3338,2429,909,.728,15.94,7.45,49,64,16,53,16,4,kansas
45.0,JR,C,6-11,245,"Bloomington, MN",22 (2007),"11.3 Pts, 9.8 Reb, 0.9 Ast",kansas,2010,,186,Kansas,"Lawrence, Kansas",1899,2025,127,3338,2429,909,.728,15.94,7.45,49,64,16,53,16,4,kansas
10.0,SO,G,6-3,185,"Hoboken, NJ",73 (2008),"7.2 Pts, 2.4 Reb, 3.4 Ast",kansas,2010,,186,Kansas,"Lawrence, Kansas",1899,2025,127,3338,2429,909,.728,15.94,7.45,49,64,16,53,16,4,kansas
21.0,SO,C,6-10,245,"Philadelphia, PA","92 (2007), 67 (2008)","6.8 Pts, 5.3 Reb, 1.1 Ast",kansas,2010,,186,Kansas,"Lawrence, Kansas",1899,2025,127,3338,2429,909,.728,15.94,7.45,49,64,16,53,16,4,kansas
14.0,JR,G,6-3,193,"Burlington, KS",63 (2007),"5.1 Pts, 1.4 Reb, 1.1 Ast",kansas,2010,,186,Kansas,"Lawrence, Kansas",1899,2025,127,3338,2429,909,.728,15.94,7.45,49,64,16,53,16,4,kansas
12.0,JR,G,6-4,185,"Lawrence, KS",,"4.1 Pts, 2.3 Reb, 2.9 Ast",kansas,2010,,186,Kansas,"Lawrence, Kansas",1899,2025,127,3338,2429,909,.728,15.94,7.45,49,64,16,53,16,4,kansas
0.0,FR,F,6-9,237,"Washington, DC",28 (2009),"2.5 Pts, 2.7 Reb, 0.3 Ast",kansas,2010,,186,Kansas,"Lawrence, Kansas",1899,2025,127,3338,2429,909,.728,15.94,7.45,49,64,16,53,16,4,kansas
15.0,FR,G,6-4,195,"Las Vegas, NV",25 (2009),"2.4 Pts, 1.0 Reb, 1.3 Ast",kansas,2010,,186,Kansas,"Lawrence, Kansas",1899,2025,127,3338,2429,909,.728,15.94,7.45,49,64,16,53,16,4,kansas
13.0,FR,G,6-4,205,"Oklahoma City, OK",,"3.1 Pts, 0.7 Reb, 0.3 Ast",kansas,2010,,186,Kansas,"Lawrence, Kansas",1899,2025,127,3338,2429,909,.728,15.94,7.45,49,64,16,53,16,4,kansas
2.0,JR,G,6-5,212,"Leawood, KS",,"1.1 Pts, 1.0 Reb, 0.3 Ast",kansas,2010,,186,Kansas,"Lawrence, Kansas",1899,2025,127,3338,2429,909,.728,15.94,7.45,49,64,16,53,16,4,kansas
5.0,FR,C,7-0,235,"San Diego, CA",27 (2008),"1.3 Pts, 1.4 Reb, 0.0 Ast",kansas,2010,,186,Kansas,"Lawrence, Kansas",1899,2025,127,3338,2429,909,.728,15.94,7.45,49,64,16,53,16,4,kansas
25.0,SO,G,6-3,195,"Hays, KS",,"0.9 Pts, 0.2 Reb, 0.0 Ast",kansas,2010,,186,Kansas,"Lawrence, Kansas",1899,2025,127,3338,2429,909,.728,15.94,7.45,49,64,16,53,16,4,kansas
41.0,JR,G,6-3,210,"San Antonio, TX",,"0.5 Pts, 0.5 Reb, 0.1 Ast",kansas,2010,,186,Kansas,"Lawrence, Kansas",1899,2025,127,3338,2429,909,.728,15.94,7.45,49,64,16,53,16,4,kansas
22.0,JR,F,6-9,235,"Philadelphia, PA","62 (2007), 63 (2008)","17.2 Pts, 7.6 Reb, 1.6 Ast",kansas,2011,,186,Kansas,"Lawrence, Kansas",1899,2025,127,3338,2429,909,.728,15.94,7.45,49,64,16,53,16,4,kansas
21.0,JR,C,6-10,245,"Philadelphia, PA","92 (2007), 67 (2008)","13.6 Pts, 8.3 Reb, 1.4 Ast",kansas,2011,,186,Kansas,"Lawrence, Kansas",1899,2025,127,3338,2429,909,.728,15.94,7.45,49,64,16,53,16,4,kansas
14.0,SR,G,6-3,193,"Burlington, KS",63 (2007),"9.7 Pts, 3.1 Reb, 1.7 Ast",kansas,2011,,186,Kansas,"Lawrence, Kansas",1899,2025,127,3338,2429,909,.728,15.94,7.45,49,64,16,53,16,4,kansas
10.0,JR,G,6-3,185,"Hoboken, NJ",73 (2008),"9.3 Pts, 1.9 Reb, 4.6 Ast",kansas,2011,,186,Kansas,"Lawrence, Kansas",1899,2025,127,3338,2429,909,.728,15.94,7.45,49,64,16,53,16,4,kansas
12.0,SR,G,6-4,185,"Lawrence, KS",,"7.1 Pts, 2.2 Reb, 3.3 Ast",kansas,2011,,186,Kansas,"Lawrence, Kansas",1899,2025,127,3338,2429,909,.728,15.94,7.45,49,64,16,53,16,4,kansas
0.0,SO,F,6-9,237,"Washington, DC",28 (2009),"7.6 Pts, 6.4 Reb, 0.6 Ast",kansas,2011,,186,Kansas,"Lawrence, Kansas",1899,2025,127,3338,2429,909,.728,15.94,7.45,49,64,16,53,16,4,kansas
32.0,FR,G,6-2,183,"Baltimore, MD",6 (2010),"7.9 Pts, 2.2 Reb, 2.2 Ast",kansas,2011,,186,Kansas,"Lawrence, Kansas",1899,2025,127,3338,2429,909,.728,15.94,7.45,49,64,16,53,16,4,kansas
23.0,SR,G,6-6,218,"Chicago, IL",,"5.1 Pts, 2.9 Reb, 0.8 Ast",kansas,2011,,186,Kansas,"Lawrence, Kansas",1899,2025,127,3338,2429,909,.728,15.94,7.45,49,64,16,53,16,4,kansas
15.0,SO,G,6-4,195,"Las Vegas, NV",25 (2009),"3.4 Pts, 1.3 Reb, 1.8 Ast",kansas,2011,,186,Kansas,"Lawrence, Kansas",1899,2025,127,3338,2429,909,.728,15.94,7.45,49,64,16,53,16,4,kansas
24.0,SO,G,6-6,210,"Kansas City, MO",49 (2008),"3.7 Pts, 1.4 Reb, 0.7 Ast",kansas,2011,,186,Kansas,"Lawrence, Kansas",1899,2025,127,3338,2429,909,.728,15.94,7.45,49,64,16,53,16,4,kansas
5.0,SO,C,7-0,235,"San Diego, CA",27 (2008),"2.3 Pts, 1.8 Reb, 0.2 Ast",kansas,2011,,186,Kansas,"Lawrence, Kansas",1899,2025,127,3338,2429,909,.728,15.94,7.45,49,64,16,53,16,4,kansas
25.0,JR,G,6-3,195,"Hays, KS",,"0.9 Pts, 0.6 Reb, 0.1 Ast",kansas,2011,,186,Kansas,"Lawrence, Kansas",1899,2025,127,3338,2429,909,.728,15.94,7.45,49,64,16,53,16,4,kansas
22.0,FR,G,6-3,180,"Phoenix, AZ",,"0.6 Pts, 0.5 Reb, 0.6 Ast",kansas,2011,,186,Kansas,"Lawrence, Kansas",1899,2025,127,3338,2429,909,.728,15.94,7.45,49,64,16,53,16,4,kansas
20.0,FR,G,5-11,175,"Huntington, NY",,"0.2 Pts, 0.4 Reb, 0.1 Ast",kansas,2011,,186,Kansas,"Lawrence, Kansas",1899,2025,127,3338,2429,909,.728,15.94,7.45,49,64,16,53,16,4,kansas
0.0,JR,F,6-9,237,"Washington, DC",28 (2009),"17.7 Pts, 11.9 Reb, 1.8 Ast",kansas,2012,,186,Kansas,"Lawrence, Kansas",1899,2025,127,3338,2429,909,.728,15.94,7.45,49,64,16,53,16,4,kansas
10.0,SR,G,6-3,185,"Hoboken, NJ",73 (2008),"16.6 Pts, 2.3 Reb, 4.8 Ast",kansas,2012,,186,Kansas,"Lawrence, Kansas",1899,2025,127,3338,2429,909,.728,15.94,7.45,49,64,16,53,16,4,kansas
15.0,JR,G,6-4,195,"Las Vegas, NV",25 (2009),"10.2 Pts, 3.2 Reb, 3.5 Ast",kansas,2012,,186,Kansas,"Lawrence, Kansas",1899,2025,127,3338,2429,909,.728,15.94,7.45,49,64,16,53,16,4,kansas
5.0,JR,C,7-0,235,"San Diego, CA",27 (2008),"9.0 Pts, 6.3 Reb, 0.7 Ast",kansas,2012,,186,Kansas,"Lawrence, Kansas",1899,2025,127,3338,2429,909,.728,15.94,7.45,49,64,16,53,16,4,kansas
24.0,JR,G,6-6,210,"Kansas City, MO",49 (2008),"8.5 Pts, 4.2 Reb, 1.8 Ast",kansas,2012,,186,Kansas,"Lawrence, Kansas",1899,2025,127,3338,2429,909,.728,15.94,7.45,49,64,16,53,16,4,kansas
2.0,SR,G,6-5,212,"Leawood, KS",,"5.5 Pts, 2.1 Reb, 1.1 Ast",kansas,2012,,186,Kansas,"Lawrence, Kansas",1899,2025,127,3338,2429,909,.728,15.94,7.45,49,64,16,53,16,4,kansas
40.0,JR,F,6-8,190,"Perris, CA",,"3.4 Pts, 3.0 Reb, 0.6 Ast",kansas,2012,,186,Kansas,"Lawrence, Kansas",1899,2025,127,3338,2429,909,.728,15.94,7.45,49,64,16,53,16,4,kansas
4.0,SO,F,6-9,220,"Fort Worth, TX",,"1.2 Pts, 1.6 Reb, 0.0 Ast",kansas,2012,,186,Kansas,"Lawrence, Kansas",1899,2025,127,3338,2429,909,.728,15.94,7.45,49,64,16,53,16,4,kansas
10.0,FR,G,5-11,170,"Worcester, MA",91 (2011),"0.9 Pts, 0.3 Reb, 0.7 Ast",kansas,2012,,186,Kansas,"Lawrence, Kansas",1899,2025,127,3338,2429,909,.728,15.94,7.45,49,64,16,53,16,4,kansas
25.0,SR,G,6-3,195,"Hays, KS",,"1.3 Pts, 0.5 Reb, 0.1 Ast",kansas,2012,,186,Kansas,"Lawrence, Kansas",1899,2025,127,3338,2429,909,.728,15.94,7.45,49,64,16,53,16,4,kansas
22.0,FR,F,6-7,205,"Moreno Valley, CA",,"0.9 Pts, 0.3 Reb, 0.1 Ast",kansas,2012,,186,Kansas,"Lawrence, Kansas",1899,2025,127,3338,2429,909,.728,15.94,7.45,49,64,16,53,16,4,kansas
15.0,FR,G,6-3,185,"Los Angeles, CA",,"0.0 Pts, 0.3 Reb, 0.1 Ast",kansas,2012,,186,Kansas,"Lawrence, Kansas",1899,2025,127,3338,2429,909,.728,15.94,7.45,49,64,16,53,16,4,kansas
20.0,SO,G,5-11,175,"Huntington, NY",,"0.0 Pts, 0.3 Reb, 0.4 Ast",kansas,2012,,186,Kansas,"Lawrence, Kansas",1899,2025,127,3338,2429,909,.728,15.94,7.45,49,64,16,53,16,4,kansas
50.0,SO,F,6-6,205,,,"0.0 Pts, 0.0 Reb, 0.0 Ast",kansas,2012,,186,Kansas,"Lawrence, Kansas",1899,2025,127,3338,2429,909,.728,15.94,7.45,49,64,16,53,16,4,kansas
23.0,FR,G,6-5,195,"St. Louis, MO",41 (2011),"15.9 Pts, 5.2 Reb, 2.0 Ast",kansas,2013,Christian Life Center (TX),186,Kansas,"Lawrence, Kansas",1899,2025,127,3338,2429,909,.728,15.94,7.45,49,64,16,53,16,4,kansas
5.0,SR,C,7-0,235,"San Diego, CA",27 (2008),"13.7 Pts, 8.5 Reb, 0.9 Ast",kansas,2013,Horizon,186,Kansas,"Lawrence, Kansas",1899,2025,127,3338,2429,909,.728,15.94,7.45,49,64,16,53,16,4,kansas
24.0,SR,G,6-6,210,"Kansas City, MO",49 (2008),"11.9 Pts, 3.8 Reb, 2.6 Ast",kansas,2013,Bishop Miege,186,Kansas,"Lawrence, Kansas",1899,2025,127,3338,2429,909,.728,15.94,7.45,49,64,16,53,16,4,kansas
15.0,SR,G,6-4,195,"Las Vegas, NV",25 (2009),"9.9 Pts, 3.1 Reb, 4.6 Ast",kansas,2013,Cheyenne,186,Kansas,"Lawrence, Kansas",1899,2025,127,3338,2429,909,.728,15.94,7.45,49,64,16,53,16,4,kansas
40.0,SR,F,6-8,190,"Perris, CA",,"7.8 Pts, 6.8 Reb, 1.2 Ast",kansas,2013,,186,Kansas,"Lawrence, Kansas",1899,2025,127,3338,2429,909,.728,15.94,7.45,49,64,16,53,16,4,kansas
34.0,FR,F,6-8,225,"Wichita, KS",31 (2012),"5.8 Pts, 3.9 Reb, 0.6 Ast",kansas,2013,Wichita Heights HS,186,Kansas,"Lawrence, Kansas",1899,2025,127,3338,2429,909,.728,15.94,7.45,49,64,16,53,16,4,kansas
1.0,SO,G,5-11,170,"Worcester, MA",91 (2011),"5.5 Pts, 1.5 Reb, 3.1 Ast",kansas,2013,Brewster Academy (NH),186,Kansas,"Lawrence, Kansas",1899,2025,127,3338,2429,909,.728,15.94,7.45,49,64,16,53,16,4,kansas
31.0,FR,F,6-8,220,"Chicago, IL",,"2.1 Pts, 2.1 Reb, 0.3 Ast",kansas,2013,IMG Academy,186,Kansas,"Lawrence, Kansas",1899,2025,127,3338,2429,909,.728,15.94,7.45,49,64,16,53,16,4,kansas
3.0,FR,G,6-7,220,"Richmond, VA",52 (2012),"2.2 Pts, 1.2 Reb, 0.0 Ast",kansas,2013,The Miller School of Albemarle,186,Kansas,"Lawrence, Kansas",1899,2025,127,3338,2429,909,.728,15.94,7.45,49,64,16,53,16,4,kansas
2.0,FR,G,6-3,190,"Seattle, WA",,"1.1 Pts, 0.3 Reb, 0.3 Ast",kansas,2013,Rainier Beach,186,Kansas,"Lawrence, Kansas",1899,2025,127,3338,2429,909,.728,15.94,7.45,49,64,16,53,16,4,kansas
10.0,FR,G,6-3,170,"Lawrence, KS",,"0.7 Pts, 0.4 Reb, 0.1 Ast",kansas,2013,Free State,186,Kansas,"Lawrence, Kansas",1899,2025,127,3338,2429,909,.728,15.94,7.45,49,64,16,53,16,4,kansas
4.0,JR,F,6-9,220,"Fort Worth, TX",,"0.4 Pts, 1.1 Reb, 0.2 Ast",kansas,2013,North Crowley,186,Kansas,"Lawrence, Kansas",1899,2025,127,3338,2429,909,.728,15.94,7.45,49,64,16,53,16,4,kansas
20.0,JR,G,5-11,175,"Huntington, NY",,"0.3 Pts, 0.3 Reb, 0.2 Ast",kansas,2013,Saint Anthony's,186,Kansas,"Lawrence, Kansas",1899,2025,127,3338,2429,909,.728,15.94,7.45,49,64,16,53,16,4,kansas
11.0,FR,G,6-2,165,"Lawrence, KS",,"0.4 Pts, 0.2 Reb, 0.2 Ast",kansas,2013,Free State HS,186,Kansas,"Lawrence, Kansas",1899,2025,127,3338,2429,909,.728,15.94,7.45,49,64,16,53,16,4,kansas
21.0,SO,G,6-3,185,"Los Angeles, CA",,"0.0 Pts, 0.3 Reb, 0.1 Ast",kansas,2013,IMG Academy,186,Kansas,"Lawrence, Kansas",1899,2025,127,3338,2429,909,.728,15.94,7.45,49,64,16,53,16,4,kansas
22.0,FR,G,6-8,200,,1 (2013),"17.1 Pts, 5.9 Reb, 1.5 Ast",kansas,2014,Huntington Prep,186,Kansas,"Lawrence, Kansas",1899,2025,127,3338,2429,909,.728,15.94,7.45,49,64,16,53,16,4,kansas
34.0,SO,F,6-8,225,"Wichita, KS",31 (2012),"13.5 Pts, 6.7 Reb, 1.0 Ast",kansas,2014,Wichita Heights HS,186,Kansas,"Lawrence, Kansas",1899,2025,127,3338,2429,909,.728,15.94,7.45,49,64,16,53,16,4,kansas
1.0,FR,G,6-5,230,"Roxbury, MA",13 (2013),"9.7 Pts, 2.6 Reb, 2.5 Ast",kansas,2014,Tilton (NH),186,Kansas,"Lawrence, Kansas",1899,2025,127,3338,2429,909,.728,15.94,7.45,49,64,16,53,16,4,kansas
21.0,FR,C,7-0,250,,16 (2013),"11.2 Pts, 8.1 Reb, 1.4 Ast",kansas,2014,The Rock School,186,Kansas,"Lawrence, Kansas",1899,2025,127,3338,2429,909,.728,15.94,7.45,49,64,16,53,16,4,kansas
10.0,JR,G,5-11,170,"Worcester, MA",91 (2011),"8.5 Pts, 2.1 Reb, 5.0 Ast",kansas,2014,Brewster Academy (NH),186,Kansas,"Lawrence, Kansas",1899,2025,127,3338,2429,909,.728,15.94,7.45,49,64,16,53,16,4,kansas
0.0,FR,G,5-11,185,"Petersburg, VA",89 (2013),"5.5 Pts, 1.3 Reb, 2.1 Ast",kansas,2014,Massanutten Military Academy,186,Kansas,"Lawrence, Kansas",1899,2025,127,3338,2429,909,.728,15.94,7.45,49,64,16,53,16,4,kansas
25.0,SR,F,6-9,260,"Memphis, TN",59 (2010),"5.5 Pts, 3.9 Reb, 0.3 Ast",kansas,2014,Ridgeway,186,Kansas,"Lawrence, Kansas",1899,2025,127,3338,2429,909,.728,15.94,7.45,49,64,16,53,16,4,kansas
31.0,SO,F,6-8,220,"Chicago, IL",,"4.8 Pts, 4.1 Reb, 0.8 Ast",kansas,2014,IMG Academy,186,Kansas,"Lawrence, Kansas",1899,2025,127,3338,2429,909,.728,15.94,7.45,49,64,16,53,16,4,kansas
23.0,FR,G,6-0,165,"Wichita, KS",40 (2013),"2.5 Pts, 0.6 Reb, 0.6 Ast",kansas,2014,Wichita North,186,Kansas,"Lawrence, Kansas",1899,2025,127,3338,2429,909,.728,15.94,7.45,49,64,16,53,16,4,kansas
14.0,FR,G,6-7,215,"Juliette, GA",36 (2013),"2.4 Pts, 1.0 Reb, 0.4 Ast",kansas,2014,Tift County HS,186,Kansas,"Lawrence, Kansas",1899,2025,127,3338,2429,909,.728,15.94,7.45,49,64,16,53,16,4,kansas
3.0,SO,G,6-7,220,"Richmond, VA",52 (2012),"2.4 Pts, 1.2 Reb, 0.2 Ast",kansas,2014,The Miller School of Albemarle,186,Kansas,"Lawrence, Kansas",1899,2025,127,3338,2429,909,.728,15.94,7.45,49,64,16,53,16,4,kansas
33.0,FR,F,6-10,240,"Portland, OR",,"1.5 Pts, 1.4 Reb, 0.0 Ast",kansas,2014,Westview HS,186,Kansas,"Lawrence, Kansas",1899,2025,127,3338,2429,909,.728,15.94,7.45,49,64,16,53,16,4,kansas
5.0,SO,G,6-3,170,"Lawrence, KS",,"0.7 Pts, 0.0 Reb, 0.2 Ast",kansas,2014,Free State,186,Kansas,"Lawrence, Kansas",1899,2025,127,3338,2429,909,.728,15.94,7.45,49,64,16,53,16,4,kansas
20.0,SR,G,5-11,175,"Huntington, NY",,"0.3 Pts, 0.5 Reb, 0.0 Ast",kansas,2014,Saint Anthony's,186,Kansas,"Lawrence, Kansas",1899,2025,127,3338,2429,909,.728,15.94,7.45,49,64,16,53,16,4,kansas
4.0,SR,F,6-9,220,"Fort Worth, TX",,"0.1 Pts, 0.6 Reb, 0.0 Ast",kansas,2014,North Crowley,186,Kansas,"Lawrence, Kansas",1899,2025,127,3338,2429,909,.728,15.94,7.45,49,64,16,53,16,4,kansas
15.0,JR,G,6-3,185,"Los Angeles, CA",,"0.0 Pts, 0.1 Reb, 0.1 Ast",kansas,2014,IMG Academy,186,Kansas,"Lawrence, Kansas",1899,2025,127,3338,2429,909,.728,15.94,7.45,49,64,16,53,16,4,kansas
34.0,JR,F,6-8,225,"Wichita, KS",31 (2012),"13.8 Pts, 6.9 Reb, 1.2 Ast",kansas,2015,Wichita Heights HS,186,Kansas,"Lawrence, Kansas",1899,2025,127,3338,2429,909,.728,15.94,7.45,49,64,16,53,16,4,kansas
0.0,SO,G,5-11,185,"Petersburg, VA",89 (2013),"12.6 Pts, 3.9 Reb, 3.9 Ast",kansas,2015,Massanutten Military Academy,186,Kansas,"Lawrence, Kansas",1899,2025,127,3338,2429,909,.728,15.94,7.45,49,64,16,53,16,4,kansas
1.0,SO,G,6-5,230,"Roxbury, MA",13 (2013),"9.4 Pts, 2.8 Reb, 2.6 Ast",kansas,2015,Tilton (NH),186,Kansas,"Lawrence, Kansas",1899,2025,127,3338,2429,909,.728,15.94,7.45,49,64,16,53,16,4,kansas
12.0,FR,G,6-7,200,"Henderson, NV",8 (2014),"9.3 Pts, 5.0 Reb, 0.8 Ast",kansas,2015,Findlay Prep (NV),186,Kansas,"Lawrence, Kansas",1899,2025,127,3338,2429,909,.728,15.94,7.45,49,64,16,53,16,4,kansas
2.0,FR,F,6-8,240,"Chicago, IL",4 (2014),"7.1 Pts, 5.3 Reb, 0.4 Ast",kansas,2015,Curie,186,Kansas,"Lawrence, Kansas",1899,2025,127,3338,2429,909,.728,15.94,7.45,49,64,16,53,16,4,kansas
14.0,SO,G,6-7,215,"Juliette, GA",36 (2013),"5.7 Pts, 2.1 Reb, 0.8 Ast",kansas,2015,Tift County HS,186,Kansas,"Lawrence, Kansas",1899,2025,127,3338,2429,909,.728,15.94,7.45,49,64,16,53,16,4,kansas
31.0,JR,F,6-8,220,"Chicago, IL",,"4.8 Pts, 3.7 Reb, 0.9 Ast",kansas,2015,IMG Academy,186,Kansas,"Lawrence, Kansas",1899,2025,127,3338,2429,909,.728,15.94,7.45,49,64,16,53,16,4,kansas
4.0,FR,G,6-2,175,"Raleigh, NC",65 (2014),"5.7 Pts, 1.5 Reb, 2.1 Ast",kansas,2015,Brewster Academy (NH),186,Kansas,"Lawrence, Kansas",1899,2025,127,3338,2429,909,.728,15.94,7.45,49,64,16,53,16,4,kansas
33.0,SO,F,6-10,240,"Portland, OR",,"3.5 Pts, 4.3 Reb, 0.4 Ast",kansas,2015,Westview HS,186,Kansas,"Lawrence, Kansas",1899,2025,127,3338,2429,909,.728,15.94,7.45,49,64,16,53,16,4,kansas
10.0,FR,G,6-8,195,"Cherkasy, Ukraine",95 (2014),"2.8 Pts, 1.2 Reb, 0.7 Ast",kansas,2015,Cherkasy First City Gymnasia,186,Kansas,"Lawrence, Kansas",1899,2025,127,3338,2429,909,.728,15.94,7.45,49,64,16,53,16,4,kansas
42.0,JR,F,6-10,245,"Jonesboro, AR",71 (2011),"2.4 Pts, 1.8 Reb, 0.1 Ast",kansas,2015,Westside,186,Kansas,"Lawrence, Kansas",1899,2025,127,3338,2429,909,.728,15.94,7.45,49,64,16,53,16,4,kansas
5.0,JR,G,6-3,170,"Lawrence, KS",,"0.6 Pts, 0.2 Reb, 0.2 Ast",kansas,2015,Free State,186,Kansas,"Lawrence, Kansas",1899,2025,127,3338,2429,909,.728,15.94,7.45,49,64,16,53,16,4,kansas
15.0,SR,G,6-3,185,"Los Angeles, CA",,"0.2 Pts, 0.2 Reb, 0.1 Ast",kansas,2015,IMG Academy,186,Kansas,"Lawrence, Kansas",1899,2025,127,3338,2429,909,.728,15.94,7.45,49,64,16,53,16,4,kansas
22.0,FR,G,6-4,200,"Orem, UT",,"0.3 Pts, 0.3 Reb, 0.1 Ast",kansas,2015,Orem,186,Kansas,"Lawrence, Kansas",1899,2025,127,3338,2429,909,.728,15.94,7.45,49,64,16,53,16,4,kansas
11.0,SO,G,6-2,165,"Lawrence, KS",,"0.3 Pts, 0.1 Reb, 0.1 Ast",kansas,2015,Free State HS,186,Kansas,"Lawrence, Kansas",1899,2025,127,3338,2429,909,.728,15.94,7.45,49,64,16,53,16,4,kansas
23.0,SR,F,6-7,200,"Kansas City, KS",,"0.0 Pts, 0.0 Reb, 0.0 Ast",kansas,2015,Bishop Ward,186,Kansas,"Lawrence, Kansas",1899,2025,127,3338,2429,909,.728,15.94,7.45,49,64,16,53,16,4,kansas
34.0,SR,F,6-8,225,"Wichita, KS",31 (2012),"16.9 Pts, 5.8 Reb, 1.3 Ast",kansas,2016,Wichita Heights HS,186,Kansas,"Lawrence, Kansas",1899,2025,127,3338,2429,909,.728,15.94,7.45,49,64,16,53,16,4,kansas
1.0,JR,G,6-5,230,"Roxbury, MA",13 (2013),"13.8 Pts, 3.4 Reb, 2.6 Ast",kansas,2016,Tilton (NH),186,Kansas,"Lawrence, Kansas",1899,2025,127,3338,2429,909,.728,15.94,7.45,49,64,16,53,16,4,kansas
0.0,JR,G,5-11,185,"Petersburg, VA",89 (2013),"12.9 Pts, 4.3 Reb, 4.6 Ast",kansas,2016,Massanutten Military Academy,186,Kansas,"Lawrence, Kansas",1899,2025,127,3338,2429,909,.728,15.94,7.45,49,64,16,53,16,4,kansas
4.0,SO,G,6-2,175,"Raleigh, NC",65 (2014),"11.3 Pts, 3.3 Reb, 3.7 Ast",kansas,2016,Brewster Academy (NH),186,Kansas,"Lawrence, Kansas",1899,2025,127,3338,2429,909,.728,15.94,7.45,49,64,16,53,16,4,kansas
33.0,JR,F,6-10,240,"Portland, OR",,"5.8 Pts, 6.8 Reb, 0.6 Ast",kansas,2016,Westview HS,186,Kansas,"Lawrence, Kansas",1899,2025,127,3338,2429,909,.728,15.94,7.45,49,64,16,53,16,4,kansas
10.0,SO,G,6-8,195,"Cherkasy, Ukraine",95 (2014),"5.4 Pts, 1.3 Reb, 0.9 Ast",kansas,2016,Cherkasy First City Gymnasia,186,Kansas,"Lawrence, Kansas",1899,2025,127,3338,2429,909,.728,15.94,7.45,49,64,16,53,16,4,kansas
14.0,JR,G,6-7,215,"Juliette, GA",36 (2013),"5.4 Pts, 2.1 Reb, 0.8 Ast",kansas,2016,Tift County HS,186,Kansas,"Lawrence, Kansas",1899,2025,127,3338,2429,909,.728,15.94,7.45,49,64,16,53,16,4,kansas
15.0,FR,F,6-10,219,"Cleveland, OH",22 (2015),"3.8 Pts, 2.5 Reb, 0.4 Ast",kansas,2016,Villa Angela-St. Joseph HS,186,Kansas,"Lawrence, Kansas",1899,2025,127,3338,2429,909,.728,15.94,7.45,49,64,16,53,16,4,kansas
31.0,SR,F,6-8,220,"Chicago, IL",,"2.9 Pts, 3.2 Reb, 0.5 Ast",kansas,2016,IMG Academy,186,Kansas,"Lawrence, Kansas",1899,2025,127,3338,2429,909,.728,15.94,7.45,49,64,16,53,16,4,kansas
13.0,FR,F,6-9,218,"Centereach, NY",6 (2015),"3.0 Pts, 2.5 Reb, 0.0 Ast",kansas,2016,Our Savior New American HS,186,Kansas,"Lawrence, Kansas",1899,2025,127,3338,2429,909,.728,15.94,7.45,49,64,16,53,16,4,kansas
42.0,SR,F,6-10,245,"Jonesboro, AR",71 (2011),"2.3 Pts, 2.3 Reb, 0.5 Ast",kansas,2016,Westside,186,Kansas,"Lawrence, Kansas",1899,2025,127,3338,2429,909,.728,15.94,7.45,49,64,16,53,16,4,kansas
2.0,FR,G,6-5,190,"Memphis, TN",56 (2015),"2.1 Pts, 0.3 Reb, 0.4 Ast",kansas,2016,Douglass HS,186,Kansas,"Lawrence, Kansas",1899,2025,127,3338,2429,909,.728,15.94,7.45,49,64,16,53,16,4,kansas
5.0,SR,G,6-3,170,"Lawrence, KS",,"0.6 Pts, 0.3 Reb, 0.1 Ast",kansas,2016,Free State,186,Kansas,"Lawrence, Kansas",1899,2025,127,3338,2429,909,.728,15.94,7.45,49,64,16,53,16,4,kansas
21.0,SO,F,6-5,205,"Lansing, KS",,"0.4 Pts, 0.3 Reb, 0.0 Ast",kansas,2016,Lansing HS (KS),186,Kansas,"Lawrence, Kansas",1899,2025,127,3338,2429,909,.728,15.94,7.45,49,64,16,53,16,4,kansas
11.0,JR,G,6-2,165,"Lawrence, KS",,"0.2 Pts, 0.1 Reb, 0.3 Ast",kansas,2016,Free State HS,186,Kansas,"Lawrence, Kansas",1899,2025,127,3338,2429,909,.728,15.94,7.45,49,64,16,53,16,4,kansas
0.0,SR,G,5-11,185,"Petersburg, VA",89 (2013),"20.9 Pts, 4.2 Reb, 5.2 Ast",kansas,2017,Massanutten Military Academy,186,Kansas,"Lawrence, Kansas",1899,2025,127,3338,2429,909,.728,15.94,7.45,49,64,16,53,16,4,kansas
11.0,FR,G,6-8,207,"Detroit, MI",1 (2016),"16.3 Pts, 7.4 Reb, 3.0 Ast",kansas,2017,Prolific Prep,186,Kansas,"Lawrence, Kansas",1899,2025,127,3338,2429,909,.728,15.94,7.45,49,64,16,53,16,4,kansas
4.0,JR,G,6-2,175,"Raleigh, NC",65 (2014),"13.4 Pts, 3.1 Reb, 4.1 Ast",kansas,2017,Brewster Academy (NH),186,Kansas,"Lawrence, Kansas",1899,2025,127,3338,2429,909,.728,15.94,7.45,49,64,16,53,16,4,kansas
10.0,JR,G,6-8,195,"Cherkasy, Ukraine",95 (2014),"9.8 Pts, 3.0 Reb, 1.3 Ast",kansas,2017,Cherkasy First City Gymnasia,186,Kansas,"Lawrence, Kansas",1899,2025,127,3338,2429,909,.728,15.94,7.45,49,64,16,53,16,4,kansas
33.0,SR,F,6-10,240,"Portland, OR",,"8.0 Pts, 8.3 Reb, 1.1 Ast",kansas,2017,Westview HS,186,Kansas,"Lawrence, Kansas",1899,2025,127,3338,2429,909,.728,15.94,7.45,49,64,16,53,16,4,kansas
2.0,SO,G,6-5,190,"Memphis, TN",56 (2015),"7.4 Pts, 3.5 Reb, 0.9 Ast",kansas,2017,Douglass HS,186,Kansas,"Lawrence, Kansas",1899,2025,127,3338,2429,909,.728,15.94,7.45,49,64,16,53,16,4,kansas
15.0,SO,F,6-10,219,"Cleveland, OH",22 (2015),"5.2 Pts, 4.1 Reb, 0.5 Ast",kansas,2017,Villa Angela-St. Joseph HS,186,Kansas,"Lawrence, Kansas",1899,2025,127,3338,2429,909,.728,15.94,7.45,49,64,16,53,16,4,kansas
35.0,FR,C,7-0,270,"Delta, Nigeria",33 (2016),"5.0 Pts, 4.4 Reb, 0.2 Ast",kansas,2017,Potter's House Christian Academy,186,Kansas,"Lawrence, Kansas",1899,2025,127,3338,2429,909,.728,15.94,7.45,49,64,16,53,16,4,kansas
22.0,JR,C,6-9,236,"Nassau, Bahamas",,"1.7 Pts, 1.8 Reb, 0.1 Ast",kansas,2017,Piney Woods,186,Kansas,"Lawrence, Kansas",1899,2025,127,3338,2429,909,.728,15.94,7.45,49,64,16,53,16,4,kansas
44.0,FR,F,6-8,225,"Gilbert, AZ",,"1.0 Pts, 1.0 Reb, 0.0 Ast",kansas,2017,Ironwood Ridge High School,186,Kansas,"Lawrence, Kansas",1899,2025,127,3338,2429,909,.728,15.94,7.45,49,64,16,53,16,4,kansas
20.0,SR,G,6-2,165,"Lawrence, KS",,"0.8 Pts, 0.2 Reb, 0.4 Ast",kansas,2017,Free State HS,186,Kansas,"Lawrence, Kansas",1899,2025,127,3338,2429,909,.728,15.94,7.45,49,64,16,53,16,4,kansas
21.0,JR,F,6-5,205,"Lansing, KS",,"0.2 Pts, 0.7 Reb, 0.1 Ast",kansas,2017,Lansing HS (KS),186,Kansas,"Lawrence, Kansas",1899,2025,127,3338,2429,909,.728,15.94,7.45,49,64,16,53,16,4,kansas
12.0,JR,G,6-2,180,"Goddard, KS",,"0.0 Pts, 0.1 Reb, 0.1 Ast",kansas,2017,Goddard High School,186,Kansas,"Lawrence, Kansas",1899,2025,127,3338,2429,909,.728,15.94,7.45,49,64,16,53,16,4,kansas
4.0,SR,G,6-2,175,"Raleigh, NC",65 (2014),"17.3 Pts, 4.0 Reb, 7.2 Ast",kansas,2018,Brewster Academy (NH),186,Kansas,"Lawrence, Kansas",1899,2025,127,3338,2429,909,.728,15.94,7.45,49,64,16,53,16,4,kansas
10.0,SR,G,6-8,195,"Cherkasy, Ukraine",95 (2014),"14.6 Pts, 3.9 Reb, 2.7 Ast",kansas,2018,Cherkasy First City Gymnasia,186,Kansas,"Lawrence, Kansas",1899,2025,127,3338,2429,909,.728,15.94,7.45,49,64,16,53,16,4,kansas
14.0,SO,G,6-3,178,"Jackson, MS",8 (2015),"14.2 Pts, 5.0 Reb, 2.1 Ast",kansas,2018,Callaway HS,186,Kansas,"Lawrence, Kansas",1899,2025,127,3338,2429,909,.728,15.94,7.45,49,64,16,53,16,4,kansas
2.0,JR,G,6-5,190,"Memphis, TN",56 (2015),"12.1 Pts, 4.8 Reb, 2.1 Ast",kansas,2018,Douglass HS,186,Kansas,"Lawrence, Kansas",1899,2025,127,3338,2429,909,.728,15.94,7.45,49,64,16,53,16,4,kansas
35.0,SO,C,7-0,270,"Delta, Nigeria",33 (2016),"13.0 Pts, 7.0 Reb, 0.7 Ast",kansas,2018,Potter's House Christian Academy,186,Kansas,"Lawrence, Kansas",1899,2025,127,3338,2429,909,.728,15.94,7.45,49,64,16,53,16,4,kansas
0.0,FR,G,6-5,195,"Dallas, TX",54 (2017),"4.1 Pts, 3.4 Reb, 1.1 Ast",kansas,2018,Skyline High School,186,Kansas,"Lawrence, Kansas",1899,2025,127,3338,2429,909,.728,15.94,7.45,49,64,16,53,16,4,kansas
44.0,SO,F,6-8,225,"Gilbert, AZ",,"3.8 Pts, 3.1 Reb, 0.3 Ast",kansas,2018,Ironwood Ridge High School,186,Kansas,"Lawrence, Kansas",1899,2025,127,3338,2429,909,.728,15.94,7.45,49,64,16,53,16,4,kansas
,FR,F,6-9,245,"Luanda, Angola",,"4.0 Pts, 3.7 Reb, 0.2 Ast",kansas,2018,IMG Academy,186,Kansas,"Lawrence, Kansas",1899,2025,127,3338,2429,909,.728,15.94,7.45,49,64,16,53,16,4,kansas
3.0,SO,G,6-6,200,"Seattle, WA",39 (2016),"1.9 Pts, 0.6 Reb, 0.3 Ast",kansas,2018,Rainier Beach High School,186,Kansas,"Lawrence, Kansas",1899,2025,127,3338,2429,909,.728,15.94,7.45,49,64,16,53,16,4,kansas
12.0,FR,G,6-4,195,"Leawood, KS",,"1.1 Pts, 0.6 Reb, 0.1 Ast",kansas,2018,Rockhurst High School,186,Kansas,"Lawrence, Kansas",1899,2025,127,3338,2429,909,.728,15.94,7.45,49,64,16,53,16,4,kansas
21.0,SR,F,6-5,205,"Lansing, KS",,"0.7 Pts, 0.1 Reb, 0.6 Ast",kansas,2018,Lansing HS (KS),186,Kansas,"Lawrence, Kansas",1899,2025,127,3338,2429,909,.728,15.94,7.45,49,64,16,53,16,4,kansas
,SO,F,6-7,260,,,"0.9 Pts, 0.6 Reb, 0.0 Ast",kansas,2018,Hamilton High School,186,Kansas,"Lawrence, Kansas",1899,2025,127,3338,2429,909,.728,15.94,7.45,49,64,16,53,16,4,kansas
1.0,JR,F,6-9,235,"Memphis, TN",32 (2015),"19.4 Pts, 10.3 Reb, 1.7 Ast",kansas,2019,Hamilton HS,186,Kansas,"Lawrence, Kansas",1899,2025,127,3338,2429,909,.728,15.94,7.45,49,64,16,53,16,4,kansas
11.0,FR,G,6-2,185,"Charlotte, NC",20 (2018),"12.3 Pts, 3.7 Reb, 3.5 Ast",kansas,2019,Providence Day School,186,Kansas,"Lawrence, Kansas",1899,2025,127,3338,2429,909,.728,15.94,7.45,49,64,16,53,16,4,kansas
24.0,SR,G,6-5,190,"Memphis, TN",56 (2015),"14.1 Pts, 4.0 Reb, 1.9 Ast",kansas,2019,Douglass HS,186,Kansas,"Lawrence, Kansas",1899,2025,127,3338,2429,909,.728,15.94,7.45,49,64,16,53,16,4,kansas
5.0,FR,G,6-5,205,"The Woodlands, TX",8 (2018),"8.4 Pts, 2.5 Reb, 2.0 Ast",kansas,2019,College Park HS,186,Kansas,"Lawrence, Kansas",1899,2025,127,3338,2429,909,.728,15.94,7.45,49,64,16,53,16,4,kansas
0.0,SO,G,6-5,195,"Dallas, TX",54 (2017),"7.3 Pts, 4.2 Reb, 1.9 Ast",kansas,2019,Skyline High School,186,Kansas,"Lawrence, Kansas",1899,2025,127,3338,2429,909,.728,15.94,7.45,49,64,16,53,16,4,kansas
30.0,FR,G,6-5,210,"Kansas City, MO",,"8.5 Pts, 4.6 Reb, 0.9 Ast",kansas,2019,Oak Park HS,186,Kansas,"Lawrence, Kansas",1899,2025,127,3338,2429,909,.728,15.94,7.45,49,64,16,53,16,4,kansas
33.0,FR,F,6-10,265,"Norfolk, VA",30 (2018),"3.9 Pts, 3.1 Reb, 0.4 Ast",kansas,2019,Oak Hill Academy,186,Kansas,"Lawrence, Kansas",1899,2025,127,3338,2429,909,.728,15.94,7.45,49,64,16,53,16,4,kansas
35.0,JR,C,7-0,270,"Delta, Nigeria",33 (2016),"13.4 Pts, 6.8 Reb, 0.6 Ast",kansas,2019,Potter's House Christian Academy,186,Kansas,"Lawrence, Kansas",1899,2025,127,3338,2429,909,.728,15.94,7.45,49,64,16,53,16,4,kansas
13.0,JR,F,6-7,215,"Memphis, TN",46 (2015),"3.1 Pts, 2.0 Reb, 0.5 Ast",kansas,2019,Hamilton HS,186,Kansas,"Lawrence, Kansas",1899,2025,127,3338,2429,909,.728,15.94,7.45,49,64,16,53,16,4,kansas
2.0,SO,G,5-11,180,"Chicago, IL",58 (2016),"2.9 Pts, 1.0 Reb, 1.3 Ast",kansas,2019,Morgan Park High School,186,Kansas,"Lawrence, Kansas",1899,2025,127,3338,2429,909,.728,15.94,7.45,49,64,16,53,16,4,kansas
44.0,JR,F,6-8,225,"Gilbert, AZ",,"2.4 Pts, 2.9 Reb, 0.4 Ast",kansas,2019,Ironwood Ridge High School,186,Kansas,"Lawrence, Kansas",1899,2025,127,3338,2429,909,.728,15.94,7.45,49,64,16,53,16,4,kansas
12.0,SO,G,6-4,195,"Leawood, KS",,"0.5 Pts, 0.1 Reb, 0.1 Ast",kansas,2019,Rockhurst High School,186,Kansas,"Lawrence, Kansas",1899,2025,127,3338,2429,909,.728,15.94,7.45,49,64,16,53,16,4,kansas
20.0,FR,G,6-2,155,"Lawrence, KS",,"0.0 Pts, 0.1 Reb, 0.3 Ast",kansas,2019,Lawrence Free State HS,186,Kansas,"Lawrence, Kansas",1899,2025,127,3338,2429,909,.728,15.94,7.45,49,64,16,53,16,4,kansas
1.0,SO,G,6-2,185,"Charlotte, NC",20 (2018),"18.1 Pts, 4.1 Reb, 4.0 Ast",kansas,2020,Providence Day School,186,Kansas,"Lawrence, Kansas",1899,2025,127,3338,2429,909,.728,15.94,7.45,49,64,16,53,16,4,kansas
35.0,SR,C,7-0,270,"Delta, Nigeria",33 (2016),"13.7 Pts, 10.5 Reb, 0.9 Ast",kansas,2020,Potter's House Christian Academy,186,Kansas,"Lawrence, Kansas",1899,2025,127,3338,2429,909,.728,15.94,7.45,49,64,16,53,16,4,kansas
30.0,SO,G,6-5,210,"Kansas City, MO",,"10.0 Pts, 4.2 Reb, 2.0 Ast",kansas,2020,Oak Park HS,186,Kansas,"Lawrence, Kansas",1899,2025,127,3338,2429,909,.728,15.94,7.45,49,64,16,53,16,4,kansas
0.0,JR,G,6-5,195,"Dallas, TX",54 (2017),"9.2 Pts, 4.5 Reb, 4.6 Ast",kansas,2020,Skyline High School,186,Kansas,"Lawrence, Kansas",1899,2025,127,3338,2429,909,.728,15.94,7.45,49,64,16,53,16,4,kansas
4.0,SR,G,6-5,208,"Chicago, IL",,"7.9 Pts, 2.3 Reb, 0.6 Ast",kansas,2020,Simeon HS,186,Kansas,"Lawrence, Kansas",1899,2025,127,3338,2429,909,.728,15.94,7.45,49,64,16,53,16,4,kansas
33.0,SO,F,6-10,265,"Norfolk, VA",30 (2018),"6.9 Pts, 4.1 Reb, 0.6 Ast",kansas,2020,Oak Hill Academy,186,Kansas,"Lawrence, Kansas",1899,2025,127,3338,2429,909,.728,15.94,7.45,49,64,16,53,16,4,kansas
2.0,FR,G,6-6,205,"Overland Park, KS",,"5.3 Pts, 2.9 Reb, 0.5 Ast",kansas,2020,Blue Valley Northwest HS,186,Kansas,"Lawrence, Kansas",1899,2025,127,3338,2429,909,.728,15.94,7.45,49,64,16,53,16,4,kansas
13.0,FR,G,6-8,200,"Almere, Netherlands",74 (2019),"2.4 Pts, 2.2 Reb, 0.6 Ast",kansas,2020,Wasatch Academy (UT),186,Kansas,"Lawrence, Kansas",1899,2025,127,3338,2429,909,.728,15.94,7.45,49,64,16,53,16,4,kansas
22.0,JR,F,6-9,245,"Luanda, Angola",,"2.6 Pts, 2.8 Reb, 0.1 Ast",kansas,2020,IMG Academy,186,Kansas,"Lawrence, Kansas",1899,2025,127,3338,2429,909,.728,15.94,7.45,49,64,16,53,16,4,kansas
20.0,FR,G,6-5,185,"Dallas, TX",,"1.2 Pts, 0.1 Reb, 0.1 Ast",kansas,2020,Northfield Mount Hermon School (MA),186,Kansas,"Lawrence, Kansas",1899,2025,127,3338,2429,909,.728,15.94,7.45,49,64,16,53,16,4,kansas
12.0,JR,G,6-4,195,"Leawood, KS",,"0.8 Pts, 0.1 Reb, 0.1 Ast",kansas,2020,Rockhurst High School,186,Kansas,"Lawrence, Kansas",1899,2025,127,3338,2429,909,.728,15.94,7.45,49,64,16,53,16,4,kansas
5.0,FR,G,6-3,185,"Southlake, TX",,"0.8 Pts, 0.1 Reb, 0.3 Ast",kansas,2020,Carroll Senior HS,186,Kansas,"Lawrence, Kansas",1899,2025,127,3338,2429,909,.728,15.94,7.45,49,64,16,53,16,4,kansas
10.0,FR,F,6-8,215,"Denton, TX",51 (2019),"0.0 Pts, 0.0 Reb, 0.0 Ast",kansas,2020,John H. Guyer HS,186,Kansas,"Lawrence, Kansas",1899,2025,127,3338,2429,909,.728,15.94,7.45,49,64,16,53,16,4,kansas
