Rk,School,"City, State",From,To,Yrs,G,W,L,W-L%,SRS,SOS,AP,CREG,CTRN,NCAA,FF,NC
1,Abilene Christian,"Abilene, Texas",1971,2025,15,455,242,213,.532,-7.61,-5.36,0,0,2,2,0,0
2,Air Force,"USAF Academy, Colorado",1958,2025,68,1875,797,1078,.425,-2.87,1.37,0,1,0,4,0,0
3,Akron,"Akron, Ohio",1902,2025,74,1753,1055,698,.602,0.07,-1.60,0,10,7,7,0,0
4,Alabama,"Tuscaloosa, Alabama",1913,2025,112,2933,1822,1110,.621,8.17,5.07,19,10,9,26,1,0
5,Alabama A&M,"Normal, Alabama",2000,2025,26,755,287,468,.380,-16.76,-11.02,0,1,1,1,0,0
6,Alabama State,"Montgomery, Alabama",1983,2025,43,1276,595,681,.466,-13.15,-9.87,0,4,5,5,0,0
7,Albany (NY),"Albany, New York",2000,2025,26,801,384,417,.479,-7.18,-6.03,0,2,5,5,0,0
8,Alcorn State,"Alcorn State, Mississippi",1978,2025,48,1424,618,806,.434,-13.46,-8.63,0,12,6,6,0,0
9,Allegheny Gators,"Meadville, Pennsylvania",1896,1916,21,234,191,41,.823,,,0,0,0,0,0,0
10,American,"Washington, D.C.",1967,2025,59,1674,824,850,.492,-5.86,-4.03,0,8,4,4,0,0
11,Amherst Lord Jeffs,"Amherst, Massachusetts",1901,1902,2,12,12,0,1.000,,,0,0,0,0,0,0
12,Appalachian State,"Boone, North Carolina",1974,2025,52,1545,771,774,.499,-5.44,-3.26,0,11,3,3,0,0
13,Arizona,"Tucson, Arizona",1905,2025,118,2925,1937,987,.662,9.71,5.32,31,26,9,39,4,1
14,Arizona State,"Tempe, Arizona",1912,2025,110,2727,1444,1283,.530,5.18,4.33,7,8,0,17,0,0
15,Arkansas,"Fayetteville, Arkansas",1924,2025,102,2849,1821,1028,.639,8.02,3.51,19,24,7,36,6,1
16,Arkansas State,"State University, Arkansas",1971,2025,55,1611,830,781,.515,-3.49,-2.97,0,8,1,1,0,0
17,Arkansas-Pine Bluff,"Pine Bluff, Arkansas",1999,2025,27,816,239,577,.293,-19.44,-8.20,0,0,1,1,0,0
18,Armstrong Pirates,"Savannah, Georgia",1987,1987,1,28,6,22,.214,-21.60,-4.78,0,0,0,0,0,0
19,Army,"West Point, New York",1903,2025,123,2667,1321,1346,.495,-9.20,-4.77,0,0,0,0,0,0
20,Auburn,"Auburn, Alabama",1906,2025,119,2767,1510,1256,.546,6.44,4.56,11,6,3,14,2,0
Rk,School,"City, State",From,To,Yrs,G,W,L,W-L%,SRS,SOS,AP,CREG,CTRN,NCAA,FF,NC
21,Augusta Jaguars,"Augusta, Georgia",1985,1991,7,197,64,133,.325,-17.30,-7.99,0,0,0,0,0,0
22,Augustana (IL) Vikings,"Rock Island, Illinois",1902,1917,12,116,81,35,.698,,,0,0,0,0,0,0
23,Austin Peay,"Clarksville, Tennessee",1964,2025,62,1795,892,903,.497,-5.74,-3.48,1,8,5,7,0,0
24,Baker,"Baldwin City, Kansas",1903,1908,6,90,62,28,.689,,,0,0,0,0,0,0
25,Baldwin-Wallace Yellow Jackets,"Berea, Ohio",1948,1953,6,139,82,57,.590,-4.46,1.83,0,0,0,0,0,0
26,Ball State,"Muncie, Indiana",1972,2025,54,1591,841,750,.529,-1.23,-1.03,1,12,7,7,0,0
27,Baltimore Super Bees,"Baltimore, Maryland",1979,1983,5,133,46,87,.346,-13.75,-6.44,0,0,0,0,0,0
28,Baylor,"Waco, Texas",1907,2025,119,2922,1499,1423,.513,2.87,3.09,11,7,0,17,3,1
29,Bellarmine,"Louisville, Kentucky",2021,2025,5,150,62,88,.413,-8.00,-3.11,0,0,1,0,0,0
30,Belmont,"Nashville, Tennessee",2000,2025,26,829,555,274,.669,1.62,-3.25,0,14,8,8,0,0
31,Beloit Buccaneers,"Beloit, Wisconsin",1911,1924,8,95,66,28,.702,,,0,0,0,0,0,0
32,Bethune-Cookman,"Daytona Beach, Florida",1981,2025,44,1314,488,826,.371,-16.36,-9.74,0,2,0,0,0,0
33,Binghamton,"Binghamton, New York",2002,2025,24,714,264,450,.370,-11.20,-5.66,0,1,1,1,0,0
34,Birmingham-Southern Panthers,"Birmingham, Alabama",1920,2006,7,160,97,63,.606,-5.44,-8.72,0,1,0,0,0,0
35,Bloomsburg Huskies,"Bloomsburg, Pennsylvania",1896,1911,15,143,88,55,.615,,,0,0,0,0,0,0
36,Boise State,"Boise, Idaho",1972,2025,54,1612,921,691,.571,1.37,-0.05,1,7,6,10,0,0
37,Boston College,"Chestnut Hill, Massachusetts",1946,2025,80,2267,1221,1046,.539,3.14,3.38,8,6,2,18,0,0
38,Boston University,"Boston, Massachusetts",1916,2025,99,2315,1189,1126,.514,-6.81,-5.50,0,8,7,7,0,0
39,Bowling Green State,"Bowling Green, Ohio",1916,2025,110,2757,1480,1277,.537,-0.82,-0.21,2,9,0,4,0,0
40,Bradley,"Peoria, Illinois",1903,2025,121,3071,1797,1274,.585,4.78,2.84,12,8,4,9,2,0
Rk,School,"City, State",From,To,Yrs,G,W,L,W-L%,SRS,SOS,AP,CREG,CTRN,NCAA,FF,NC
41,Brigham Young,"Provo, Utah",1903,2025,123,3122,1965,1157,.629,8.16,3.83,13,25,3,32,0,0
42,Brigham Young College,"Logan, Utah",1908,1908,1,11,10,1,.909,,,0,0,0,0,0,0
43,Brooklyn Bulldogs,"Brooklyn, New York",1934,1992,25,567,233,334,.411,-19.22,-9.63,0,0,0,0,0,0
44,Brown,"Providence, Rhode Island",1901,2025,118,2715,1114,1601,.410,-10.46,-4.46,0,1,0,2,0,0
45,Bryant,"Smithfield, Rhode Island",2009,2025,17,521,218,303,.418,-8.48,-5.57,0,2,2,2,0,0
46,Bucknell,"Lewisburg, Pennsylvania",1896,2025,130,2854,1521,1333,.533,-8.29,-6.80,0,19,8,8,0,0
47,Buffalo,"Buffalo, New York",1907,2025,56,1386,696,690,.502,-4.94,-2.31,1,5,4,4,0,0
48,Butler,"Indianapolis, Indiana",1897,2025,127,2931,1690,1241,.577,2.24,3.56,8,13,7,16,2,0
49,Cal Poly,"San Luis Obispo, California",1995,2025,31,917,342,575,.373,-7.24,-1.75,0,1,1,1,0,0
50,Cal State Bakersfield,"Bakersfield, California",2008,2025,18,556,242,314,.435,-5.11,-2.81,0,1,1,1,0,0
51,Cal State Fullerton,"Fullerton, California",1975,2025,51,1489,702,787,.471,-2.26,-0.40,0,2,4,4,0,0
52,Cal State Los Angeles Golden Eagles,"Los Angeles, California",1971,1975,5,130,70,60,.538,-1.89,1.34,0,0,0,1,0,0
53,Cal State Northridge,"Northridge, California",1991,2025,35,1048,448,600,.427,-5.58,-1.96,0,3,2,2,0,0
54,California,"Berkeley, California",1908,2025,116,2993,1686,1307,.563,6.84,6.19,5,14,0,19,3,1
55,California Baptist,"Riverside, California",2019,2025,7,217,118,99,.544,-2.56,-3.49,0,0,0,0,0,0
56,Campbell,"Buies Creek, North Carolina",1978,2025,48,1398,596,802,.426,-11.96,-6.98,0,2,1,1,0,0
57,Canisius,"Buffalo, New York",1904,2025,121,2744,1364,1380,.497,-4.12,-1.90,1,8,1,4,0,0
58,Canterbury College,"Danville, Indiana",1931,1931,1,19,19,0,1.000,,,0,0,0,0,0,0
59,Carleton College Knights,"Northfield, Minnesota",1910,1934,25,360,280,80,.778,,,0,0,0,0,0,0
60,Carnegie Mellon Tartans,"Pittsburgh, Pennsylvania",1933,1939,7,87,40,47,.460,,,0,2,0,0,0,0
Rk,School,"City, State",From,To,Yrs,G,W,L,W-L%,SRS,SOS,AP,CREG,CTRN,NCAA,FF,NC
61,Case Western Reserve Spartans,"Cleveland, Ohio",1898,1955,13,245,95,150,.388,-18.31,-2.69,0,0,0,0,0,0
62,Catholic Cardinals,"Washington, D.C.",1913,1981,13,248,122,126,.492,-15.98,-6.69,0,0,0,1,0,0
63,Centenary (LA) Gents,"Shreveport, Louisiana",1960,2011,52,1435,637,798,.444,-8.73,-3.97,1,1,1,0,0,0
64,Central Arkansas,"Conway, Arkansas",2007,2025,19,575,179,396,.311,-14.42,-4.58,0,0,0,0,0,0
65,Central Connecticut State,"New Britain, Connecticut",1987,2025,39,1140,463,677,.406,-12.61,-7.80,0,5,3,3,0,0
66,Central Michigan,"Mount Pleasant, Michigan",1974,2025,52,1504,658,846,.438,-4.41,-0.64,0,8,2,4,0,0
67,Central Missouri Mules,"Warrensburg, Missouri",1913,1937,10,178,140,38,.787,,,0,0,0,0,0,0
68,Central Pennsylvania College Knights,"Summerdale, Pennsylvania",1896,1900,4,6,2,4,.333,,,0,0,0,0,0,0
69,Centre (KY) Colonels,"Danville, Kentucky",1910,1919,3,45,41,4,.911,,,0,0,0,0,0,0
70,Charleston Southern,"Charleston, South Carolina",1975,2025,51,1468,589,879,.401,-13.23,-6.87,0,4,4,1,0,0
71,Charlotte,"Charlotte, North Carolina",1973,2025,53,1584,861,723,.544,3.01,1.83,2,6,5,11,1,0
72,Chattanooga,"Chattanooga, Tennessee",1978,2025,48,1492,908,584,.609,-2.14,-3.53,1,21,12,12,0,0
73,Cheyenne Business College,"Cheyenne, Wyoming",1903,1903,1,1,1,0,1.000,,,0,0,0,0,0,0
74,Chicago Maroons,"Chicago, Illinois",1896,1946,46,862,419,443,.486,,,0,6,0,0,0,0
75,Chicago State,"Chicago, Illinois",1985,2025,41,1188,308,880,.259,-15.68,-2.26,0,0,1,0,0,0
76,Cincinnati,"Cincinnati, Ohio",1902,2025,124,3025,1929,1096,.638,11.62,5.16,25,25,12,33,6,2
77,City College of New York Beavers,"New York, New York",1906,1953,48,725,517,208,.713,-0.07,2.71,0,1,0,2,2,1
78,Clemson,"Clemson, South Carolina",1912,2025,114,2828,1454,1372,.515,5.93,4.43,8,1,1,15,0,0
79,Cleveland State,"Cleveland, Ohio",1973,2025,53,1576,797,779,.506,-3.42,-1.88,0,6,3,3,0,0
80,Coastal Carolina,"Conway, South Carolina",1987,2025,39,1177,587,590,.499,-7.95,-5.97,0,7,5,4,0,0
Rk,School,"City, State",From,To,Yrs,G,W,L,W-L%,SRS,SOS,AP,CREG,CTRN,NCAA,FF,NC
81,Colgate,"Hamilton, New York",1901,2025,125,2871,1408,1463,.490,-10.12,-5.67,0,9,7,7,0,0
82,College of Charleston,"Charleston, South Carolina",1992,2025,34,1062,734,328,.691,1.17,-3.96,2,15,6,7,0,0
83,College of New Jersey Lions,"Ewing, New Jersey",1900,1900,1,5,3,2,.600,,,0,0,0,0,0,0
84,Colorado,"Boulder, Colorado",1902,2025,122,2733,1441,1292,.527,5.62,6.13,6,19,1,16,2,0
85,Colorado College Tigers,"Colorado Springs, Colorado",1915,1937,23,376,233,143,.620,,,0,7,0,0,0,0
86,Colorado School of Mines Orediggers,"Golden, Colorado",1908,1937,28,280,78,202,.279,,,0,2,0,0,0,0
87,Colorado State,"Fort Collins, Colorado",1902,2025,121,2734,1397,1337,.511,3.24,2.56,1,6,2,13,0,0
88,Columbia,"New York, New York",1901,2025,124,2757,1344,1413,.487,-7.89,-5.10,2,13,0,3,0,0
89,Concordia Seminary Preachers,"St. Louis, Missouri",1907,1923,2,16,14,2,.875,,,0,0,0,0,0,0
90,Connecticut,"Storrs, Connecticut",1901,2025,119,2814,1805,1009,.641,7.32,1.47,19,28,9,37,7,6
91,Coppin State,"Baltimore, Maryland",1986,2025,40,1208,523,685,.433,-11.54,-7.86,0,11,4,4,0,0
92,Cornell,"Ithaca, New York",1899,2025,126,2843,1341,1502,.472,-7.36,-4.41,0,8,0,5,0,0
93,Cotner College,"Lincoln, Nebraska",1910,1911,2,27,24,3,.889,,,0,0,0,0,0,0
94,Creighton,"Omaha, Nebraska",1912,2025,105,2787,1705,1082,.612,4.62,3.79,7,16,12,26,0,0
95,Cumberland,"Lebanon, Tennessee",1904,1904,1,4,4,0,1.000,,,0,0,0,0,0,0
96,Dakota Wesleyan Tigers,"Mitchell, South Dakota",1932,1932,1,20,19,1,.950,,,0,0,0,0,0,0
97,Dartmouth,"Hanover, New Hampshire",1900,2025,124,2969,1358,1609,.458,-10.66,-5.01,0,12,0,7,2,0
98,Davidson,"Davidson, North Carolina",1909,2025,116,2862,1565,1297,.547,-2.42,-2.62,6,25,13,15,0,0
99,Dayton,"Dayton, Ohio",1904,2025,120,2954,1782,1172,.603,7.14,3.22,9,6,2,19,1,0
100,Delaware,"Newark, Delaware",1906,2025,84,2074,1034,1039,.499,-8.16,-5.81,0,4,6,6,0,0
Rk,School,"City, State",From,To,Yrs,G,W,L,W-L%,SRS,SOS,AP,CREG,CTRN,NCAA,FF,NC
101,Delaware State,"Dover, Delaware",1974,2025,52,1501,578,923,.385,-16.71,-9.95,0,3,1,1,0,0
102,Denison Big Red,"Granville, Ohio",1905,1944,24,362,269,93,.743,,,0,0,0,0,0,0
103,Denver,"Denver, Colorado",1904,2025,102,2256,1004,1252,.445,-4.40,-0.99,0,4,0,0,0,0
104,DePaul,"Chicago, Illinois",1924,2025,102,2672,1530,1142,.573,5.92,6.07,12,2,0,22,2,0
105,DePauw Tigers,"Greencastle, Indiana",1916,1932,17,277,182,94,.659,,,0,0,0,0,0,0
106,Detroit Mercy,"Detroit, Michigan",1910,2025,116,2829,1473,1356,.521,-0.48,0.75,2,2,3,6,0,0
107,Dickinson College Red Devils,"Carlisle, Pennsylvania",1926,1947,2,34,30,4,.882,,,0,0,0,0,0,0
108,Drake,"Des Moines, Iowa",1907,2025,119,2929,1400,1529,.478,1.51,2.81,5,10,4,8,1,0
109,Drexel,"Philadelphia, Pennsylvania",1895,2025,55,1533,840,693,.548,-3.32,-4.44,0,7,5,5,0,0
110,Duke,"Durham, North Carolina",1906,2025,120,3268,2335,933,.715,16.50,6.79,53,24,28,47,18,5
111,Duquesne,"Pittsburgh, Pennsylvania",1914,2025,109,2706,1496,1210,.553,2.04,2.00,7,2,2,6,1,0
112,East Carolina,"Greenville, North Carolina",1967,2025,59,1692,748,944,.442,-4.38,-0.93,0,0,2,2,0,0
113,East Central Tigers,"Ada, Oklahoma",1929,1931,3,74,66,8,.892,,,0,0,0,0,0,0
114,East Tennessee State,"Johnson City, Tennessee",1959,2025,67,1932,1055,877,.546,-3.94,-3.41,1,11,10,10,0,0
115,East Texas A&M,"Commerce, Texas",2023,2025,3,97,31,66,.320,-12.66,-4.86,0,0,0,0,0,0
116,Eastern Illinois,"Charleston, Illinois",1982,2025,44,1299,578,721,.445,-8.14,-4.52,0,0,3,2,0,0
117,Eastern Kentucky,"Richmond, Kentucky",1948,2025,75,2046,1015,1031,.496,-4.68,-2.80,0,9,5,8,0,0
118,Eastern Michigan,"Ypsilanti, Michigan",1933,2025,53,1563,728,835,.466,-3.82,-0.55,0,5,4,4,0,0
119,Eastern Washington,"Cheney, Washington",1984,2025,42,1239,560,679,.452,-5.67,-2.32,0,6,3,3,0,0
120,Elon,"Elon, North Carolina",2000,2025,26,799,336,463,.421,-8.35,-3.67,0,2,0,0,0,0
Rk,School,"City, State",From,To,Yrs,G,W,L,W-L%,SRS,SOS,AP,CREG,CTRN,NCAA,FF,NC
121,Emporia State Hornets,"Emporia, Kansas",1934,1934,1,18,17,1,.944,,,0,0,0,0,0,0
122,Ensign College,"Salt Lake City, Utah",1903,1903,1,16,15,1,.938,,,0,0,0,0,0,0
123,Evansville,"Evansville, Indiana",1925,2025,52,1491,764,727,.512,0.28,0.93,0,6,4,5,0,0
124,Fairfield,"Fairfield, Connecticut",1965,2025,61,1765,853,912,.483,-4.70,-3.19,0,3,3,3,0,0
125,FDU,"Teaneck, New Jersey",1968,2025,58,1646,779,867,.473,-10.21,-7.04,0,6,6,7,0,0
126,Florida,"Gainesville, Florida",1921,2025,104,2747,1562,1184,.569,8.45,5.25,16,7,5,25,6,3
127,Florida A&M,"Tallahassee, Florida",1980,2025,46,1351,514,837,.380,-15.64,-8.72,0,0,4,3,0,0
128,Florida Atlantic,"Boca Raton, Florida",1994,2025,32,968,407,561,.420,-6.70,-2.75,1,2,2,3,1,0
129,Florida Gulf Coast,"Fort Myers, Florida",2008,2025,18,576,300,276,.521,-3.33,-4.00,0,3,3,3,0,0
130,Florida International,"Miami, Florida",1988,2025,38,1140,457,683,.401,-7.91,-3.11,0,1,1,1,0,0
131,Florida State,"Tallahassee, Florida",1957,2025,69,2045,1206,839,.590,7.60,5.14,12,3,2,18,1,0
132,Fordham,"Bronx, New York",1903,2025,121,3080,1595,1485,.518,-2.75,-0.20,1,4,3,4,0,0
133,Franklin Grizzlies,"Franklin, Indiana",1907,1925,18,221,144,77,.652,,,0,0,0,0,0,0
134,Fresno State,"Fresno, California",1956,2025,58,1755,961,794,.548,2.28,1.85,1,6,5,6,0,0
135,Furman,"Greenville, South Carolina",1920,2025,104,2685,1375,1310,.512,-5.53,-4.03,0,7,7,7,0,0
136,Gardner-Webb,"Boiling Springs, North Carolina",2003,2025,23,721,338,383,.469,-7.32,-4.58,0,1,1,1,0,0
137,Geneva Golden Tornadoes,"Beaver Falls, Pennsylvania",1893,1943,10,125,80,45,.640,,,0,0,0,0,0,0
138,George Mason,"Fairfax, Virginia",1979,2025,47,1422,775,647,.545,-0.72,-1.28,0,5,4,6,1,0
139,George Washington,"Washington, D.C.",1913,2025,108,2677,1430,1247,.534,0.10,-0.13,3,7,5,11,0,0
140,Georgetown,"Washington, D.C.",1907,2025,117,2912,1740,1172,.598,6.61,4.15,20,11,8,31,5,1
Rk,School,"City, State",From,To,Yrs,G,W,L,W-L%,SRS,SOS,AP,CREG,CTRN,NCAA,FF,NC
141,Georgia,"Athens, Georgia",1906,2025,120,2928,1515,1413,.517,4.10,5.10,5,2,3,13,1,0
142,Georgia Southern,"Statesboro, Georgia",1974,2025,52,1534,778,756,.507,-6.66,-4.86,0,7,3,3,0,0
143,Georgia State,"Atlanta, Georgia",1974,2025,52,1525,684,841,.449,-6.91,-3.69,0,8,6,6,0,0
144,Georgia Tech,"Atlanta, Georgia",1920,2025,106,2783,1458,1325,.524,5.58,5.27,8,3,5,17,2,0
145,Gettysburg Bullets,"Gettysburg, Pennsylvania",1901,1973,41,724,385,339,.532,-15.94,-9.75,0,0,0,0,0,0
146,Gonzaga,"Spokane, Washington",1944,2025,74,2209,1477,732,.669,4.60,0.16,18,28,22,27,2,0
147,Grambling,"Grambling, Louisiana",1978,2025,48,1387,542,845,.391,-16.69,-9.22,0,5,1,1,0,0
148,Grand Canyon,"Phoenix, Arizona",2014,2025,12,385,256,129,.665,1.69,-3.09,0,2,4,4,0,0
149,Green Bay,"Green Bay, Wisconsin",1982,2025,44,1343,694,649,.517,-1.88,-1.48,0,4,4,5,0,0
150,Grinnell Pioneers,"Grinnell, Iowa",1901,1939,38,550,280,270,.509,,,0,0,0,0,0,0
151,Grove City Wolverines,"Grove City, Pennsylvania",1899,1925,27,383,257,126,.671,,,0,0,0,0,0,0
152,Hamline Pipers,"St. Paul, Minnesota",1945,1948,4,102,82,20,.804,,,0,0,0,0,0,0
153,Hampton,"Hampton, Virginia",1996,2025,30,928,461,467,.497,-9.56,-8.33,0,4,6,6,0,0
154,Hardin-Simmons Cowboys,"Abilene, Texas",1923,1990,45,1149,481,668,.419,-11.07,-5.69,0,1,0,2,0,0
155,Hartford Hawks,"West Hartford, Connecticut",1985,2023,39,1155,486,669,.421,-9.24,-5.52,0,0,1,1,0,0
156,Harvard,"Boston, Massachusetts",1901,2025,113,2620,1227,1393,.468,-7.96,-4.79,0,7,0,5,0,0
157,Haskell (KS) Fighting Indians,"Lawrence, Kansas",1903,1908,2,39,27,12,.692,,,0,0,0,0,0,0
158,Hawaii,"Honolulu, Hawaii",1971,2025,55,1616,860,756,.532,1.72,1.48,1,3,4,5,0,0
159,High Point,"High Point, North Carolina",2000,2025,26,797,397,400,.498,-8.25,-6.04,0,6,1,1,0,0
160,Hiram Terriers,"Hiram, Ohio",1894,1904,8,59,45,14,.763,,,0,0,0,0,0,0
Rk,School,"City, State",From,To,Yrs,G,W,L,W-L%,SRS,SOS,AP,CREG,CTRN,NCAA,FF,NC
161,Hofstra,"Hempstead, New York",1943,2025,60,1753,921,832,.525,-5.40,-4.25,0,10,6,4,0,0
162,Holy Cross,"Worcester, Massachusetts",1901,2025,105,2582,1462,1120,.566,-2.79,-3.99,6,6,7,13,2,1
163,Hope Flying Dutchmen,"Holland, Michigan",1908,1913,5,65,44,21,.677,,,0,0,0,0,0,0
164,Houston,"Houston, Texas",1951,2025,75,2254,1407,847,.624,6.94,3.11,15,10,9,26,7,0
165,Houston Christian,"Houston, Texas",1974,2025,33,959,369,590,.385,-12.13,-5.81,0,2,1,1,0,0
166,Howard,"Washington, D.C.",1974,2025,52,1491,592,899,.397,-14.63,-9.49,0,5,5,4,0,0
167,Idaho,"Moscow, Idaho",1906,2025,120,3029,1397,1630,.462,-4.62,-1.29,1,7,4,4,0,0
168,Idaho State,"Pocatello, Idaho",1959,2025,67,1867,813,1054,.435,-6.57,-2.78,0,4,2,5,0,0
169,Illinois,"Champaign, Illinois",1906,2025,120,3003,1927,1076,.642,13.23,7.86,30,18,4,35,5,0
170,Illinois State,"Normal, Illinois",1899,2025,66,1731,1007,724,.582,3.06,1.56,0,6,4,6,0,0
171,Illinois Wesleyan Titans,"Bloomington, Illinois",1928,1928,1,14,13,1,.929,,,0,0,0,0,0,0
172,Illinois-Chicago,"Chicago, Illinois",1982,2025,44,1338,636,702,.475,-3.23,-1.36,0,2,2,3,0,0
173,Incarnate Word,"San Antonio, Texas",2014,2025,12,356,144,212,.404,-13.43,-6.68,0,0,0,0,0,0
174,Indiana,"Bloomington, Indiana",1901,2025,125,3080,1947,1133,.632,13.83,8.24,29,22,0,41,8,5
175,Indiana State,"Terre Haute, Indiana",1900,2025,103,2362,1229,1133,.520,0.05,1.72,1,3,3,4,1,0
176,Iona,"New Rochelle, New York",1954,2025,72,2002,1132,870,.565,-3.88,-3.65,1,13,14,16,0,0
177,Iowa,"Iowa City, Iowa",1893,2025,128,3025,1776,1248,.587,11.53,7.49,21,8,3,29,3,0
178,Iowa State,"Ames, Iowa",1908,2025,118,2893,1482,1411,.512,7.31,6.59,12,6,7,24,1,0
179,IU Indy,"Indianapolis, Indiana",1999,2025,27,829,350,479,.422,-7.34,-3.10,0,1,1,1,0,0
180,Jackson State,"Jackson, Mississippi",1978,2025,48,1443,677,766,.469,-11.10,-8.59,0,7,4,3,0,0
Rk,School,"City, State",From,To,Yrs,G,W,L,W-L%,SRS,SOS,AP,CREG,CTRN,NCAA,FF,NC
181,Jacksonville,"Jacksonville, Florida",1967,2025,59,1712,844,868,.493,-3.91,-2.30,2,2,2,5,1,0
182,Jacksonville State,"Jacksonville, Alabama",1996,2025,30,902,410,492,.455,-8.19,-5.84,0,1,1,2,0,0
183,James Madison,"Harrisonburg, Virginia",1977,2025,49,1467,767,700,.523,-2.06,-2.30,0,9,4,6,0,0
184,John Carroll Blue Streaks,"University Heights, Ohio",1948,1955,8,191,80,111,.419,-9.27,-0.20,0,0,0,0,0,0
185,Kalamazoo Hornets,"Kalamazoo, Michigan",1908,1923,16,193,134,59,.694,,,0,0,0,0,0,0
186,Kansas,"Lawrence, Kansas",1899,2025,127,3338,2429,909,.728,15.94,7.45,49,64,16,53,16,4
187,Kansas City,"Kansas City, Missouri",1990,2025,36,1073,461,612,.430,-6.81,-3.31,0,0,0,0,0,0
188,Kansas State,"Manhattan, Kansas",1906,2025,120,3006,1752,1254,.583,10.32,6.49,17,19,2,32,4,0
189,Kennesaw State,"Kennesaw, Georgia",2006,2025,20,615,205,410,.333,-11.27,-3.13,0,1,1,1,0,0
190,Kent State,"Kent, Ohio",1914,2025,106,2597,1311,1286,.505,-1.79,-0.45,0,9,7,7,0,0
191,Kentucky,"Lexington, Kentucky",1903,2025,122,3196,2424,771,.759,17.65,6.93,56,52,33,63,17,8
192,Kentucky Wesleyan Panthers,"Owensboro, Kentucky",1957,1958,2,52,30,22,.577,-4.61,-2.27,0,0,0,0,0,0
193,La Salle,"Philadelphia, Pennsylvania",1932,2025,94,2550,1453,1097,.570,2.39,0.67,6,9,8,12,2,1
194,Lafayette,"Easton, Pennsylvania",1901,2025,115,2778,1406,1372,.506,-8.21,-6.86,0,18,3,4,0,0
195,Lake Forest Foresters,"Lake Forest, Illinois",1905,1916,12,144,89,55,.618,,,0,0,0,0,0,0
196,Lamar,"Beaumont, Texas",1970,2025,56,1640,821,819,.501,-5.30,-4.14,0,9,4,6,0,0
197,Lawrence Tech,"Southfield, Michigan",1948,1948,1,28,22,6,.786,,,0,0,0,0,0,0
198,Le Moyne,"Syracuse, New York",2024,2025,2,64,24,40,.375,-14.44,-8.95,0,0,0,0,0,0
199,Lehigh,"Bethlehem, Pennsylvania",1902,2025,124,2692,1176,1516,.437,-12.80,-7.41,0,4,5,5,0,0
200,Lewis Flyers,"Romeoville, Illinois",1905,1905,1,25,20,5,.800,,,0,0,0,0,0,0
Rk,School,"City, State",From,To,Yrs,G,W,L,W-L%,SRS,SOS,AP,CREG,CTRN,NCAA,FF,NC
201,Liberty,"Lynchburg, Virginia",1989,2025,37,1154,601,553,.521,-7.79,-6.40,0,8,7,6,0,0
202,Lindenwood,"St. Charles, Missouri",2023,2025,3,96,36,60,.375,-15.57,-6.95,0,0,0,0,0,0
203,Lipscomb,"Nashville, Tennessee",2002,2025,24,746,390,356,.523,-4.81,-4.42,0,4,2,2,0,0
204,Little Rock,"Little Rock, Arkansas",1979,2025,47,1413,767,646,.543,-3.74,-3.76,0,14,5,5,0,0
205,Long Beach State,"Long Beach, California",1970,2025,56,1679,897,782,.534,0.54,1.03,5,15,6,10,0,0
206,Long Island University,"Brooklyn, New York",1929,2025,80,2159,1179,978,.547,-9.66,-6.56,1,9,6,7,0,0
207,Longwood,"Farmville, Virginia",2005,2025,21,669,257,412,.384,-12.41,-5.62,0,1,2,2,0,0
208,Louisiana,"Lafayette, Louisiana",1972,2025,54,1581,915,666,.579,0.29,-1.29,2,10,8,11,0,0
209,Louisiana State,"Baton Rouge, Louisiana",1909,2025,117,2940,1669,1271,.568,5.98,4.68,13,11,1,24,4,0
210,Louisiana Tech,"Ruston, Louisiana",1974,2025,52,1573,922,651,.586,0.23,-1.47,1,11,6,5,0,0
211,Louisiana-Monroe,"Monroe, Louisiana",1974,2025,52,1537,771,766,.502,-5.21,-4.18,0,10,8,7,0,0
212,Louisville,"Louisville, Kentucky",1912,2025,111,2956,1934,1022,.654,13.02,6.60,36,23,17,44,10,3
213,Loyola (IL),"Chicago, Illinois",1921,2025,104,2683,1453,1230,.542,0.37,1.50,6,8,4,8,2,1
214,Loyola (LA) Wolfpack,"New Orleans, Louisiana",1952,1972,20,499,237,262,.475,-6.42,0.29,0,0,0,2,0,0
215,Loyola (MD),"Baltimore, Maryland",1908,2025,81,1912,860,1052,.450,-9.19,-4.97,0,0,2,2,0,0
216,Loyola Marymount,"Los Angeles, California",1943,2025,78,2165,950,1215,.439,-3.78,0.55,2,3,2,5,0,0
217,Macalester Scots,"St. Paul, Minnesota",1896,1899,4,21,8,13,.381,,,0,0,0,0,0,0
218,Maine,"Orono, Maine",1904,2025,81,1965,864,1101,.440,-12.10,-7.16,0,0,0,0,0,0
219,Manchester Spartans,"North Manchester, Indiana",1926,1926,1,16,15,1,.938,,,0,0,0,0,0,0
220,Manhattan,"Riverdale, New York",1905,2025,119,2796,1445,1351,.517,-3.88,-2.66,0,13,5,8,0,0
Rk,School,"City, State",From,To,Yrs,G,W,L,W-L%,SRS,SOS,AP,CREG,CTRN,NCAA,FF,NC
221,Marietta Pioneers,"Marietta, Ohio",1908,1920,13,175,109,66,.623,,,0,0,0,0,0,0
222,Marist,"Poughkeepsie, New York",1982,2025,44,1300,579,721,.445,-7.44,-5.81,0,5,2,2,0,0
223,Marquette,"Milwaukee, Wisconsin",1917,2025,108,2836,1762,1074,.621,9.40,5.02,24,4,2,37,3,1
224,Marshall,"Huntington, West Virginia",1919,2025,101,2646,1508,1136,.570,-0.92,-1.30,1,6,4,6,0,0
225,Maryland,"College Park, Maryland",1924,2025,102,2796,1684,1112,.602,10.34,5.57,25,7,4,31,2,1
226,Maryland-Baltimore County,"Baltimore, Maryland",1987,2025,39,1156,478,678,.413,-10.73,-6.60,0,3,2,2,0,0
227,Maryland-Eastern Shore,"Princess Anne, Maryland",1974,2025,45,1305,383,922,.293,-19.54,-9.16,0,1,1,0,0,0
228,Massachusetts,"Amherst, Massachusetts",1926,2025,66,1904,1029,875,.540,0.75,-0.16,5,15,5,9,1,0
229,Massachusetts Institute of Technology Engineers,"Cambridge, Massachusetts",1909,1909,1,16,10,6,.625,,,0,0,0,0,0,0
230,Massachusetts-Lowell,"Lowell, Massachusetts",1906,2025,13,380,191,189,.503,-8.00,-5.99,0,0,0,0,0,0
231,McNeese State,"Lake Charles, Louisiana",1974,2025,52,1518,737,781,.486,-7.06,-4.88,0,8,4,4,0,0
232,Memphis,"Memphis, Tennessee",1956,2025,70,2139,1438,701,.672,8.97,3.80,18,19,13,28,3,0
233,Mercer,"Macon, Georgia",1974,2025,52,1547,741,806,.479,-7.48,-5.11,0,3,3,3,0,0
234,Merchant Marine Mariners,"King's Point, New York",1946,1947,2,39,13,26,.333,,,0,0,0,0,0,0
235,Mercyhurst,"Erie, Pennsylvania",2025,2025,1,31,15,16,.484,-15.65,-9.68,0,0,0,0,0,0
236,Merrimack,"North Andover, Massachusetts",2020,2025,6,179,100,79,.559,-7.98,-7.60,0,3,1,0,0,0
237,Miami (FL),"Coral Gables, Florida",1949,2025,62,1807,1026,781,.568,3.57,3.73,8,3,1,12,1,0
238,Miami (OH),"Oxford, Ohio",1906,2025,120,2769,1479,1290,.534,1.70,0.64,1,18,4,17,0,0
239,Michigan,"Ann Arbor, Michigan",1918,2025,108,2851,1729,1122,.606,11.08,7.98,24,15,4,32,8,1
240,Michigan State,"East Lansing, Michigan",1899,2025,126,3010,1848,1162,.614,11.97,7.93,26,17,6,38,10,2
Rk,School,"City, State",From,To,Yrs,G,W,L,W-L%,SRS,SOS,AP,CREG,CTRN,NCAA,FF,NC
241,Middle Tennessee,"Murfreesboro, Tennessee",1959,2025,67,1929,1062,867,.551,-3.77,-2.60,0,12,7,9,0,0
242,Millikin Big Blue,"Decatur, Illinois",1910,1921,12,210,150,60,.714,,,0,0,0,0,0,0
243,Millsaps Majors,"Jackson, Mississippi",1911,1921,11,116,59,57,.509,,,0,0,0,0,0,0
244,Milwaukee,"Milwaukee, Wisconsin",1974,2025,42,1250,617,633,.494,-4.14,-1.85,0,4,4,4,0,0
245,Minnesota,"Minneapolis, Minnesota",1896,2025,130,3053,1733,1318,.568,9.59,7.70,10,9,0,14,1,0
246,Minnesota A&M Aggies,"St. Paul, Minnesota",1896,1903,4,30,27,3,.900,,,0,0,0,0,0,0
247,Mississippi,"University, Mississippi",1909,2025,115,2823,1413,1408,.501,3.02,4.63,3,0,2,10,0,0
248,Mississippi State,"Mississippi State, Mississippi",1909,2025,113,2824,1544,1280,.547,4.77,4.62,11,6,5,14,1,0
249,Mississippi Valley State,"Itta Bena, Mississippi",1980,2025,46,1356,492,864,.363,-15.73,-8.59,0,7,5,5,0,0
250,Missouri,"Columbia, Missouri",1907,2025,119,2997,1738,1259,.580,8.83,6.25,15,15,8,30,0,0
251,Missouri State,"Springfield, Missouri",1983,2025,43,1352,787,565,.582,4.01,1.12,0,5,3,6,0,0
252,Monmouth,"West Long Branch, New Jersey",1984,2025,42,1263,601,662,.476,-7.69,-5.86,0,5,4,4,0,0
253,Montana,"Missoula, Montana",1912,2025,110,2829,1554,1275,.549,-2.41,-2.65,0,14,12,13,0,0
254,Montana State,"Bozeman, Montana",1902,2025,114,2810,1540,1270,.548,-5.04,-2.75,0,11,5,5,0,0
255,Morehead State,"Morehead, Kentucky",1956,2025,70,1970,1005,965,.510,-5.74,-3.63,0,11,6,9,0,0
256,Morgan State,"Baltimore, Maryland",1985,2025,41,1210,459,751,.379,-15.17,-8.91,0,3,2,2,0,0
257,Morris Brown Wolverines,"Atlanta, Georgia",2002,2003,2,57,13,44,.228,-25.81,-6.02,0,0,0,0,0,0
258,Mount St. Mary's,"Emmitsburg, Maryland",1989,2025,37,1110,489,621,.441,-8.99,-6.41,0,2,7,7,0,0
259,Mount Union Purple Raiders,"Alliance, Ohio",1896,1932,37,493,314,179,.637,,,0,0,0,0,0,0
260,Muhlenberg Mules,"Allentown, Pennsylvania",1901,1963,56,1064,579,484,.545,-10.29,-4.31,0,3,0,0,0,0
Rk,School,"City, State",From,To,Yrs,G,W,L,W-L%,SRS,SOS,AP,CREG,CTRN,NCAA,FF,NC
261,Murray State,"Murray, Kentucky",1954,2025,72,2076,1309,767,.631,-0.44,-3.14,3,30,17,18,0,0
262,Muskingum Fighting Muskies,"New Concord, Ohio",1905,1927,3,48,44,4,.917,,,0,0,0,0,0,0
263,Navy,"Annapolis, Maryland",1908,2025,118,2636,1491,1145,.566,-4.97,-4.21,1,9,6,11,0,0
264,NC State,"Raleigh, North Carolina",1913,2025,113,3002,1843,1159,.614,10.85,5.96,18,13,18,29,4,2
265,Nebraska,"Lincoln, Nebraska",1897,2025,129,3072,1599,1473,.521,5.91,6.38,2,7,1,8,0,0
266,Nebraska Wesleyan Prairie Wolves,"Lincoln, Nebraska",1906,1917,12,188,134,54,.713,,,0,0,0,0,0,0
267,Nevada,"Reno, Nevada",1913,2025,70,1884,1067,817,.566,1.11,1.53,4,12,5,11,0,0
268,Nevada-Las Vegas,"Las Vegas, Nevada",1970,2025,56,1767,1205,562,.682,9.07,3.35,16,13,11,20,4,1
269,New Hampshire,"Durham, New Hampshire",1927,2025,73,1890,668,1222,.353,-14.32,-6.98,0,1,0,0,0,0
270,New Mexico,"Albuquerque, New Mexico",1900,2025,119,2776,1610,1166,.580,4.13,2.34,11,13,7,17,0,0
271,New Mexico State,"Las Cruces, New Mexico",1905,2025,115,2787,1642,1143,.590,1.16,-0.29,5,21,13,26,1,0
272,New Orleans,"New Orleans, Louisiana",1976,2025,48,1418,741,677,.523,-3.36,-2.64,2,8,4,5,0,0
273,New York University Violets,"New York, New York",1907,1971,65,1184,725,459,.612,-0.40,-0.08,2,6,0,6,2,0
274,Newberry Wolves,"Newberry, South Carolina",1921,1921,1,4,2,2,.500,,,0,0,0,0,0,0
275,Niagara,"Niagara University, New York",1906,2025,119,2892,1549,1342,.536,-3.30,-2.10,2,10,2,3,0,0
276,Nicholls State,"Thibodaux, Louisiana",1981,2025,45,1294,563,731,.435,-11.26,-5.91,0,5,2,2,0,0
277,NJIT,"Newark, New Jersey",2007,2025,19,571,210,361,.368,-10.86,-6.27,0,1,0,0,0,0
278,Norfolk State,"Norfolk, Virginia",1998,2025,28,874,453,421,.518,-10.12,-8.54,0,6,4,4,0,0
279,North Alabama,"Florence, Alabama",2019,2025,7,216,102,114,.472,-8.03,-4.50,0,1,0,0,0,0
280,North Carolina,"Chapel Hill, North Carolina",1911,2025,115,3269,2395,874,.733,15.79,7.09,52,39,26,54,21,6
Rk,School,"City, State",From,To,Yrs,G,W,L,W-L%,SRS,SOS,AP,CREG,CTRN,NCAA,FF,NC
281,North Carolina A&T,"Greensboro, North Carolina",1974,2025,52,1534,723,811,.471,-12.70,-9.31,0,12,14,10,0,0
282,North Carolina Central,"Durham, North Carolina",2008,2025,18,555,286,269,.515,-7.92,-8.84,0,4,4,4,0,0
283,North Central (IL) Cardinals,"Naperville, Illinois",1911,1922,8,115,78,37,.678,,,0,0,0,0,0,0
284,North Dakota,"Grand Forks, North Dakota",1905,2025,33,703,371,332,.528,-8.30,-4.18,0,1,3,1,0,0
285,North Dakota State,"Fargo, North Dakota",1898,2025,49,1012,676,336,.668,-0.78,-3.03,0,4,5,4,0,0
286,North Florida,"Jacksonville, Florida",2006,2025,20,628,268,360,.427,-6.33,-2.56,0,3,1,1,0,0
287,North Texas,"Denton, Texas",1922,2025,70,1961,921,1040,.470,-3.88,-0.20,0,5,4,4,0,0
288,Northeastern,"Boston, Massachusetts",1938,2025,62,1715,881,834,.514,-4.61,-4.11,0,14,9,9,0,0
289,Northeastern Illinois Golden Eagles,"Chicago, Illinois",1991,1998,8,216,78,138,.361,-14.90,-6.65,0,0,0,0,0,0
290,Northern Arizona,"Flagstaff, Arizona",1919,2025,86,2092,938,1154,.448,-8.13,-3.04,0,6,2,2,0,0
291,Northern Colorado,"Greeley, Colorado",1911,2025,49,1011,519,492,.513,-3.81,-4.02,0,4,1,1,0,0
292,Northern Illinois,"De Kalb, Illinois",1927,2025,59,1660,729,931,.439,-4.52,-1.28,0,4,2,3,0,0
293,Northern Iowa,"Cedar Falls, Iowa",1981,2025,45,1370,729,641,.532,1.28,1.57,1,4,6,8,0,0
294,Northern Kentucky,"Highland Heights, Kentucky",2013,2025,13,409,228,181,.557,-3.19,-4.01,0,2,4,3,0,0
295,Northwest Missouri State Bearcats,"Maryville, Missouri",1930,1932,3,97,89,8,.918,,,0,0,0,0,0,0
296,Northwestern,"Evanston, Illinois",1905,2025,120,2795,1181,1613,.423,3.94,7.54,0,2,0,3,0,0
297,Northwestern State,"Natchitoches, Louisiana",1977,2025,49,1431,631,800,.441,-9.93,-5.54,0,3,3,3,0,0
298,Notre Dame,"Notre Dame, Indiana",1897,2025,121,3103,1976,1126,.637,9.86,5.83,25,1,1,37,1,0
299,Oakland,"Rochester, Michigan",2000,2025,26,844,453,391,.537,-1.64,-1.53,0,5,4,4,0,0
300,Oberlin Yeomen,"Oberlin, Ohio",1905,1921,7,82,61,21,.744,,,0,0,0,0,0,0
Rk,School,"City, State",From,To,Yrs,G,W,L,W-L%,SRS,SOS,AP,CREG,CTRN,NCAA,FF,NC
301,Ohio,"Athens, Ohio",1908,2025,118,2875,1644,1231,.572,0.53,-0.36,0,10,7,14,0,0
302,Ohio State,"Columbus, Ohio",1899,2025,126,3083,1885,1198,.611,12.02,7.61,24,22,5,35,11,1
303,Ohio Wesleyan Battling Bishops,"Delaware, Ohio",1929,1935,2,40,35,5,.875,,,0,0,0,0,0,0
304,Oklahoma,"Norman, Oklahoma",1908,2025,118,2959,1794,1165,.606,9.88,6.70,19,14,7,34,5,0
305,Oklahoma City Chiefs,"Oklahoma City, Oklahoma",1951,1985,35,948,530,418,.559,0.46,-0.91,3,0,1,11,0,0
306,Oklahoma State,"Stillwater, Oklahoma",1908,2025,116,3032,1763,1269,.581,8.83,6.05,19,19,4,29,6,2
307,Old Dominion,"Norfolk, Virginia",1977,2025,49,1534,910,624,.593,2.52,-0.22,0,9,7,12,0,0
308,Omaha,"Omaha, Nebraska",2013,2025,13,406,178,228,.438,-7.14,-2.51,0,1,1,1,0,0
309,Oral Roberts,"Tulsa, Oklahoma",1972,2025,50,1501,839,662,.559,0.20,-1.16,2,8,7,7,0,0
310,Oregon,"Eugene, Oregon",1903,2025,120,3232,1802,1430,.558,6.60,6.07,6,8,6,19,2,1
311,Oregon State,"Corvallis, Oregon",1902,2025,124,3292,1845,1447,.560,6.03,5.65,8,12,1,18,2,0
312,Pacific,"Stockton, California",1938,2025,75,2128,1054,1074,.495,-1.50,0.01,1,10,5,9,0,0
313,Penn State,"University Park, Pennsylvania",1897,2025,129,2852,1577,1274,.553,3.06,2.58,2,1,1,10,1,0
314,Pennsylvania,"Philadelphia, Pennsylvania",1897,2025,123,3036,1849,1186,.609,-0.05,-2.89,6,38,1,24,1,0
315,Pepperdine,"Malibu, California",1944,2025,71,2056,1001,1055,.487,-2.23,0.33,1,12,3,13,0,0
316,Phillips Haymakers,"Enid, Oklahoma",1920,1920,1,3,2,1,.667,,,0,0,0,0,0,0
317,Pittsburg State Gorillas,"Pittsburg, Kansas",1927,1931,5,103,86,17,.835,,,0,0,0,0,0,0
318,Pittsburgh,"Pittsburgh, Pennsylvania",1906,2025,118,2974,1715,1259,.577,5.48,4.33,13,11,4,27,1,0
319,Portland,"Portland, Oregon",1954,2025,72,2050,858,1192,.419,-5.30,0.79,0,0,1,2,0,0
320,Portland State,"Portland, Oregon",1973,2025,38,1101,537,564,.488,-5.91,-3.10,0,2,2,2,0,0
Rk,School,"City, State",From,To,Yrs,G,W,L,W-L%,SRS,SOS,AP,CREG,CTRN,NCAA,FF,NC
321,Prairie View,"Prairie View, Texas",1981,2025,45,1310,400,910,.305,-19.79,-8.15,0,4,2,2,0,0
322,Pratt Institute Cannoneers,"Brooklyn, New York",1934,1934,1,14,8,6,.571,,,0,0,0,0,0,0
323,Presbyterian,"Clinton, South Carolina",2008,2025,18,559,182,377,.326,-12.64,-5.37,0,0,0,0,0,0
324,Princeton,"Princeton, New Jersey",1901,2025,124,2985,1850,1135,.620,1.45,-3.51,4,33,2,26,1,0
325,Providence,"Providence, Rhode Island",1929,2025,76,2211,1348,863,.610,7.79,4.63,7,1,2,22,2,0
326,Purdue,"West Lafayette, Indiana",1897,2025,127,3047,1971,1076,.647,12.36,7.85,27,26,2,36,3,0
327,Purdue Fort Wayne,"Fort Wayne, Indiana",2003,2025,23,718,351,367,.489,-5.81,-3.19,0,2,0,0,0,0
328,Queens (NC),"Charlotte, North Carolina",2023,2025,3,101,52,49,.515,-6.10,-4.23,0,0,0,0,0,0
329,Quinnipiac,"Hamden, Connecticut",1999,2025,27,812,401,411,.494,-7.70,-6.68,0,3,0,0,0,0
330,Radford,"Radford, Virginia",1985,2025,41,1241,649,592,.523,-8.49,-6.71,0,6,3,3,0,0
331,Regis (CO) Rangers,"Denver, Colorado",1962,1964,3,66,37,29,.561,-4.78,0.03,0,0,0,0,0,0
332,Rensselaer Engineers,"Troy, New York",1901,1924,4,39,28,11,.718,,,0,0,0,0,0,0
333,Rhode Island,"Kingston, Rhode Island",1904,2025,119,2830,1599,1231,.565,-0.98,-0.48,0,15,2,10,0,0
334,Rice,"Houston, Texas",1915,2025,111,2746,1202,1544,.438,-3.22,0.72,0,10,0,4,0,0
335,Richmond,"Richmond, Virginia",1913,2025,113,2773,1483,1290,.535,-1.76,-1.21,1,7,7,10,0,0
336,Rider,"Lawrenceville, New Jersey",1929,2025,62,1770,920,850,.520,-7.41,-5.98,0,12,3,3,0,0
337,Ripon Red Hawks,"Ripon, Wisconsin",1902,1922,5,59,46,13,.780,,,0,0,0,0,0,0
338,Roanoke Maroons,"Salem, Virginia",1912,1919,8,92,67,25,.728,,,0,0,0,0,0,0
339,Robert Morris,"Moon Township, Pennsylvania",1977,2025,49,1469,713,756,.485,-8.67,-6.62,0,12,10,9,0,0
340,Rochester (NY) Yellowjackets,"Rochester, New York",1910,1944,7,111,74,37,.667,,,0,0,0,0,0,0
Rk,School,"City, State",From,To,Yrs,G,W,L,W-L%,SRS,SOS,AP,CREG,CTRN,NCAA,FF,NC
341,Rose-Hulman Fightin' Engineers,"Terre Haute, Indiana",1898,1898,1,4,2,2,.500,,,0,0,0,0,0,0
342,Rutgers,"New Brunswick, New Jersey",1914,2025,111,2641,1343,1298,.509,-0.12,1.20,2,9,2,8,1,0
343,Sacramento State,"Sacramento, California",1992,2025,34,977,309,668,.316,-11.93,-3.17,0,0,0,0,0,0
344,Sacred Heart,"Fairfield, Connecticut",2000,2025,26,776,310,466,.399,-11.04,-7.38,0,0,0,0,0,0
345,Saint Francis (PA),"Loretto, Pennsylvania",1956,2025,70,1922,852,1070,.443,-9.47,-4.70,0,2,2,2,0,0
346,Saint Joseph's,"Philadelphia, Pennsylvania",1910,2025,116,2959,1727,1232,.584,3.75,1.87,6,20,6,21,1,0
347,Saint Louis,"St. Louis, Missouri",1916,2025,109,2841,1544,1297,.543,5.07,3.91,10,7,3,10,0,0
348,Saint Mary's (CA),"Moraga, California",1910,2025,116,2776,1489,1287,.536,0.04,0.68,8,10,5,14,0,0
349,Saint Peter's,"Jersey City, New Jersey",1966,2025,60,1727,861,866,.499,-5.12,-4.13,0,6,5,5,0,0
350,Sam Houston,"Huntsville, Texas",1987,2025,39,1174,629,545,.536,-6.11,-4.84,0,7,2,2,0,0
351,Samford,"Birmingham, Alabama",1973,2025,53,1543,702,841,.455,-8.30,-5.07,0,5,3,3,0,0
352,San Diego,"San Diego, California",1980,2025,46,1355,654,701,.483,-0.79,0.77,0,2,2,4,0,0
353,San Diego State,"San Diego, California",1971,2025,55,1676,952,724,.568,4.56,3.65,7,11,9,17,1,0
354,San Francisco,"San Francisco, California",1924,2025,98,2593,1511,1082,.583,2.85,0.83,9,15,1,17,3,2
355,San Jose State,"San Jose, California",1938,2025,75,2074,819,1255,.395,-4.20,0.99,0,1,2,2,0,0
356,Santa Clara,"Santa Clara, California",1909,2025,116,2787,1606,1181,.576,1.72,0.75,2,11,2,11,1,0
357,Savage School of Physical Education,"New York, New York",1896,1898,2,8,6,2,.750,,,0,0,0,0,0,0
358,Savannah State Tigers,"Savannah, Georgia",2003,2019,17,513,189,324,.368,-16.73,-5.37,0,2,0,0,0,0
359,Scranton Royals,"Scranton, Pennsylvania",1948,1948,1,27,7,20,.259,,,0,0,0,0,0,0
360,Seattle,"Seattle, Washington",1953,2025,44,1252,735,517,.587,0.98,-1.31,5,1,0,11,1,0
Rk,School,"City, State",From,To,Yrs,G,W,L,W-L%,SRS,SOS,AP,CREG,CTRN,NCAA,FF,NC
361,Seton Hall,"South Orange, New Jersey",1909,2025,112,2790,1619,1170,.580,4.03,3.94,8,4,3,14,1,0
362,Sewanee Tigers,"Sewanee, Tennessee",1923,1941,19,248,48,200,.194,,,0,0,0,0,0,0
363,Siena,"Loudonville, New York",1939,2025,67,1854,1000,854,.539,-4.43,-3.67,1,11,6,6,0,0
364,South Alabama,"Mobile, Alabama",1972,2025,54,1597,901,696,.564,-0.91,-1.80,0,13,5,8,0,0
365,South Carolina,"Columbia, South Carolina",1909,2025,117,2863,1517,1345,.530,4.33,3.78,9,6,2,10,1,0
366,South Carolina State,"Orangeburg, South Carolina",1972,2025,54,1593,753,840,.473,-13.34,-10.18,0,9,5,5,0,0
367,South Carolina Upstate,"Spartanburg, South Carolina",2008,2025,18,567,212,355,.374,-9.54,-4.15,0,0,0,0,0,0
368,South Dakota,"Vermillion, South Dakota",2010,2025,16,501,260,241,.519,-5.31,-3.62,0,2,1,0,0,0
369,South Dakota State,"Brookings, South Dakota",2006,2025,20,645,389,256,.603,1.94,-2.62,0,9,7,7,0,0
370,South Florida,"Tampa, Florida",1974,2025,52,1544,706,838,.457,1.23,3.02,0,2,1,3,0,0
371,Southeast Missouri State,"Cape Girardeau, Missouri",1992,2025,34,1018,428,590,.420,-8.96,-5.03,0,2,2,2,0,0
372,Southeastern Louisiana,"Hammond, Louisiana",1981,2025,44,1286,568,718,.442,-10.82,-6.33,0,5,1,1,0,0
373,Southern,"Baton Rouge, Louisiana",1978,2025,48,1425,744,681,.522,-10.03,-9.81,0,9,9,9,0,0
374,Southern California,"Los Angeles, California",1907,2025,119,3031,1746,1285,.576,8.29,6.40,11,7,1,21,2,0
375,Southern Illinois,"Carbondale, Illinois",1968,2025,58,1736,962,774,.554,2.53,1.94,1,9,5,10,0,0
376,Southern Illinois-Edwardsville,"Edwardsville, Illinois",2010,2025,16,478,172,306,.360,-11.72,-5.13,0,0,1,1,0,0
377,Southern Indiana,"Evansville, Indiana",2023,2025,3,95,34,61,.358,-12.12,-7.04,0,0,0,0,0,0
378,Southern Methodist,"Dallas, Texas",1917,2025,109,2751,1454,1297,.529,2.97,2.01,5,15,3,12,1,0
379,Southern Mississippi,"Hattiesburg, Mississippi",1973,2025,53,1574,800,774,.508,-0.02,1.46,1,3,0,3,0,0
380,Southern Utah,"Cedar City, Utah",1989,2025,37,1095,487,608,.445,-6.83,-3.51,0,3,3,1,0,0
Rk,School,"City, State",From,To,Yrs,G,W,L,W-L%,SRS,SOS,AP,CREG,CTRN,NCAA,FF,NC
381,Southwestern (KS) Moundbuilders,"Winfield, Kansas",1905,1923,19,289,212,77,.734,,,0,0,0,0,0,0
382,Southwestern (TX) Pirates,"Georgetown, Texas",1915,1916,2,10,1,9,.100,,,0,0,0,0,0,0
383,Springfield Pride,"Springfield, Massachusetts",1897,1935,30,406,268,138,.660,,,0,0,0,0,0,0
384,St. Bonaventure,"St. Bonaventure, New York",1920,2025,105,2584,1476,1108,.571,2.30,1.56,6,8,2,8,1,0
385,St. Francis (NY) Terriers,"Brooklyn Heights, New York",1902,2023,104,2619,1273,1346,.486,-11.69,-5.77,0,6,0,0,0,0
386,St. John's (NY),"Queens, New York",1908,2025,118,3123,2019,1104,.646,8.78,5.21,16,15,4,31,2,0
387,St. John's College (OH),"Toledo, Ohio",1921,1921,1,15,15,0,1.000,,,0,0,0,0,0,0
388,St. Lawrence Saints,"Canton, New York",1902,1914,7,99,70,29,.707,,,0,0,0,0,0,0
389,St. Thomas,"St. Paul, Minnesota",2022,2025,4,130,73,57,.562,-3.54,-5.12,0,0,0,0,0,0
390,Stanford,"Stanford, California",1914,2025,110,2883,1628,1255,.565,7.93,6.22,10,11,1,17,2,1
391,Stephen F. Austin,"Nacogdoches, Texas",1987,2025,39,1152,666,486,.578,-5.15,-6.21,0,10,5,5,0,0
392,Stetson,"DeLand, Florida",1972,2025,54,1561,707,854,.453,-8.29,-4.45,0,0,1,1,0,0
393,Stevens Institute Ducks,"Hoboken, New Jersey",1917,1920,4,48,37,11,.771,,,0,0,0,0,0,0
394,Stonehill,"Easton, Massachusetts",2023,2025,3,94,33,61,.351,-15.36,-8.08,0,0,0,0,0,0
395,Stony Brook,"Stony Brook, New York",2000,2025,26,804,397,407,.494,-6.71,-5.20,0,4,1,1,0,0
396,SUNY-Potsdam Bears,"Potsdam, New York",1910,1913,2,32,22,10,.688,,,0,0,0,0,0,0
397,Swarthmore Garnet,"Swarthmore, Pennsylvania",1906,1919,11,133,92,41,.692,,,0,0,0,0,0,0
398,Syracuse,"Syracuse, New York",1901,2025,124,3103,2108,995,.679,9.59,4.17,30,10,5,41,6,1
399,Tarleton State,"Stephenville, Texas",2021,2025,5,152,78,74,.513,-4.03,-0.62,0,0,0,0,0,0
400,TCU,"Fort Worth, Texas",1914,2025,112,2817,1331,1486,.472,0.95,2.43,4,11,0,11,0,0
Rk,School,"City, State",From,To,Yrs,G,W,L,W-L%,SRS,SOS,AP,CREG,CTRN,NCAA,FF,NC
401,Temple,"Philadelphia, Pennsylvania",1895,2025,129,3181,2011,1170,.632,6.14,2.66,9,20,10,33,2,0
402,Tennessee,"Knoxville, Tennessee",1909,2025,116,2912,1800,1110,.619,9.25,5.54,17,11,5,27,0,0
403,Tennessee State,"Nashville, Tennessee",1978,2025,48,1390,600,790,.432,-8.73,-5.01,0,2,2,2,0,0
404,Tennessee Tech,"Cookeville, Tennessee",1944,2025,71,1959,942,1017,.481,-6.92,-3.77,0,7,1,2,0,0
405,Tennessee-Martin,"Martin, Tennessee",1993,2025,33,981,384,597,.391,-11.15,-4.52,0,4,0,0,0,0
406,Texas,"Austin, Texas",1906,2025,119,3074,1918,1156,.624,6.99,4.05,14,25,4,39,3,0
407,Texas A&M,"College Station, Texas",1913,2025,113,2892,1544,1348,.534,3.09,2.91,6,12,2,17,0,0
408,Texas A&M-Corpus Christi,"Corpus Christi, Texas",2003,2025,23,719,380,339,.529,-6.20,-5.12,0,2,3,3,0,0
409,Texas Southern,"Houston, Texas",1978,2025,48,1450,720,730,.497,-10.26,-8.26,0,12,11,11,0,0
410,Texas State,"San Marcos, Texas",1985,2025,41,1217,574,643,.472,-7.54,-5.20,0,5,2,2,0,0
411,Texas Tech,"Lubbock, Texas",1926,2025,97,2650,1504,1146,.568,5.23,3.02,9,13,5,21,1,0
412,Texas Wesleyan Rams,"Fort Worth, Texas",1948,1948,1,30,19,11,.633,,,0,0,0,0,0,0
413,Texas-Rio Grande Valley,"Edinburg, Texas",1969,2025,57,1614,687,927,.426,-8.42,-3.07,0,0,0,0,0,0
414,The Citadel,"Charleston, South Carolina",1913,2025,113,2542,1055,1487,.415,-12.85,-5.31,0,0,0,0,0,0
415,Toledo,"Toledo, Ohio",1916,2025,110,2732,1583,1149,.579,1.00,-0.41,2,16,1,4,0,0
416,Towson,"Towson, Maryland",1980,2025,46,1372,607,765,.442,-7.08,-4.14,0,6,3,2,0,0
417,Trinity (CT) Bantams,"Hartford, Connecticut",1897,1911,8,81,28,53,.346,,,0,0,0,0,0,0
418,Trinity (TX) Tigers,"San Antonio, Texas",1971,1973,3,70,25,45,.357,-24.37,-5.64,0,0,0,0,0,0
419,Troy,"Troy, Alabama",1994,2025,32,968,474,494,.490,-6.64,-4.67,0,7,3,3,0,0
420,Tulane,"New Orleans, Louisiana",1906,2025,115,2696,1308,1388,.485,-0.81,1.31,1,7,0,3,0,0
Rk,School,"City, State",From,To,Yrs,G,W,L,W-L%,SRS,SOS,AP,CREG,CTRN,NCAA,FF,NC
421,Tulsa,"Tulsa, Oklahoma",1914,2025,112,2787,1527,1260,.548,4.62,3.13,5,11,6,16,0,0
422,U.S. International Gulls,"San Diego, California",1982,1991,10,279,69,210,.247,-18.06,-5.34,0,0,0,0,0,0
423,UAB,"Birmingham, Alabama",1980,2025,46,1495,945,550,.632,6.49,2.37,2,7,7,17,0,0
424,UC Davis,"Davis, California",2005,2025,21,635,280,355,.441,-5.46,-2.63,0,2,1,1,0,0
425,UC Irvine,"Irvine, California",1978,2025,48,1461,759,702,.520,-0.77,0.11,0,9,2,2,0,0
426,UC Riverside,"Riverside, California",2002,2025,24,719,287,432,.399,-6.80,-1.88,0,0,0,0,0,0
427,UC San Diego,"La Jolla, California",2021,2025,5,144,81,63,.563,-1.25,-1.66,0,1,1,1,0,0
428,UC Santa Barbara,"Santa Barbara, California",1964,2025,62,1775,964,811,.543,-0.16,-0.25,0,6,5,7,0,0
429,UCF,"Orlando, Florida",1985,2025,41,1236,628,608,.508,-2.41,-1.38,0,1,4,5,0,0
430,UCLA,"Los Angeles, California",1920,2025,106,2948,2028,920,.688,15.59,7.08,43,32,4,53,19,11
431,UNC Asheville,"Asheville, North Carolina",1987,2025,39,1172,585,587,.499,-9.07,-5.51,0,8,6,5,0,0
432,UNC Greensboro,"Greensboro, North Carolina",1992,2025,34,1045,523,522,.500,-5.39,-4.04,0,7,4,4,0,0
433,UNC Wilmington,"Wilmington, North Carolina",1977,2025,49,1463,778,685,.532,-2.70,-2.63,0,9,7,7,0,0
434,Union (NY) Dutchmen,"Schenectady, New York",1907,1925,19,266,162,104,.609,,,0,0,0,0,0,0
435,UT Arlington,"Arlington, Texas",1969,2025,57,1649,758,891,.460,-7.63,-4.18,0,3,1,1,0,0
436,Utah,"Salt Lake City, Utah",1909,2025,117,3012,1913,1099,.635,8.34,3.95,21,30,5,29,4,1
437,Utah State,"Logan, Utah",1904,2025,120,2923,1746,1177,.597,4.42,1.19,6,17,10,25,0,0
438,Utah Tech,"St. George, Utah",2021,2025,5,149,53,96,.356,-8.22,-1.16,0,0,0,0,0,0
439,Utah Valley,"Orem, Utah",2005,2025,21,650,370,280,.569,-3.82,-3.80,0,6,0,0,0,0
440,UTEP,"El Paso, Texas",1923,2025,97,2527,1434,1093,.567,2.54,0.69,4,11,5,17,1,1
Rk,School,"City, State",From,To,Yrs,G,W,L,W-L%,SRS,SOS,AP,CREG,CTRN,NCAA,FF,NC
441,Utica Pioneers,"Utica, New York",1982,1987,6,158,64,94,.405,-12.94,-7.34,0,0,0,0,0,0
442,UTSA,"San Antonio, Texas",1982,2025,44,1307,634,673,.485,-5.86,-4.00,0,3,4,4,0,0
443,Valparaiso,"Valparaiso, Indiana",1918,2025,90,2326,1205,1121,.518,-4.21,-1.43,0,14,10,9,0,0
444,Vanderbilt,"Nashville, Tennessee",1901,2025,123,2967,1696,1271,.572,8.28,5.18,11,3,3,16,0,0
445,Vermont,"Burlington, Vermont",1921,2025,70,1928,1060,868,.550,-9.26,-7.01,0,15,10,10,0,0
446,Villanova,"Villanova, Pennsylvania",1921,2025,105,2912,1907,1005,.655,10.57,5.92,26,14,8,41,7,3
447,Virginia,"Charlottesville, Virginia",1906,2025,120,2990,1757,1232,.588,7.09,5.64,16,12,3,26,3,1
448,Virginia Commonwealth,"Richmond, Virginia",1974,2025,52,1614,1056,558,.654,5.80,0.96,3,13,11,20,1,0
449,Virginia Military Institute,"Lexington, Virginia",1909,2025,117,2618,961,1657,.367,-12.79,-4.65,1,2,3,3,0,0
450,Virginia Tech,"Blacksburg, Virginia",1909,2025,117,2874,1569,1305,.546,4.23,1.85,3,2,2,13,0,0
451,Wabash Little Giants,"Crawfordsville, Indiana",1897,1925,29,407,301,106,.740,,,0,0,0,0,0,0
452,Wagner,"Staten Island, New York",1966,2025,53,1518,745,773,.491,-9.72,-7.60,0,4,2,2,0,0
453,Wake Forest,"Winston-Salem, North Carolina",1906,2025,119,2961,1642,1319,.555,8.12,6.24,17,4,5,23,1,0
454,Washburn Ichabods,"Topeka, Kansas",1906,1941,35,557,270,283,.488,,,0,0,0,0,0,0
455,Washington,"Seattle, Washington",1896,2025,124,3168,1880,1288,.593,7.43,6.24,8,12,3,17,1,0
456,Washington & Jefferson Presidents,"Washington, Pennsylvania",1913,1944,10,128,73,55,.570,,,0,0,0,0,0,0
457,Washington & Lee Generals,"Lexington, Virginia",1907,1959,51,905,472,432,.522,-15.24,-5.60,0,3,2,0,0,0
458,Washington (MO) Bears,"St. Louis, Missouri",1905,1960,52,921,433,488,.470,-5.22,-1.75,0,2,0,0,0,0
459,Washington College Shoremen,"Chestertown, Maryland",1913,1925,13,151,109,42,.722,,,0,0,0,0,0,0
460,Washington State,"Pullman, Washington",1902,2025,124,3319,1706,1613,.514,3.43,4.96,4,2,0,7,1,0
Rk,School,"City, State",From,To,Yrs,G,W,L,W-L%,SRS,SOS,AP,CREG,CTRN,NCAA,FF,NC
461,Wayne State (MI) Warriors,"Detroit, Michigan",1928,1950,5,104,47,57,.452,,,0,0,0,0,0,0
462,Weber State,"Ogden, Utah",1964,2025,62,1835,1139,696,.621,0.01,-2.68,1,22,10,16,0,0
463,Wesleyan (CT) Cardinals,"Middletown, Connecticut",1896,1913,13,171,97,74,.567,,,0,0,0,0,0,0
464,West Chester Golden Rams,"West Chester, Pennsylvania",1899,1982,10,244,86,158,.352,-17.61,-8.15,0,1,0,0,0,0
465,West Georgia,"Carrollton, Georgia",2025,2025,1,31,6,25,.194,-15.57,-4.50,0,0,0,0,0,0
466,West Texas A&M Buffaloes,"Canyon, Texas",1921,1986,54,1275,706,569,.554,-6.34,-1.64,0,4,0,1,0,0
467,West Virginia,"Morgantown, West Virginia",1904,2025,116,3062,1874,1188,.612,7.54,3.18,19,16,13,31,2,0
468,Western Carolina,"Cullowhee, North Carolina",1977,2025,49,1450,639,811,.441,-8.44,-3.68,0,3,1,1,0,0
469,Western Colorado Mountaineers,"Gunnison, Colorado",1924,1937,14,189,88,101,.466,,,0,0,0,0,0,0
470,Western Illinois,"Macomb, Illinois",1982,2025,44,1264,531,733,.420,-8.78,-3.95,0,2,1,0,0,0
471,Western Kentucky,"Bowling Green, Kentucky",1922,2025,104,2907,1908,999,.656,3.23,-0.12,11,29,20,24,1,0
472,Western Michigan,"Kalamazoo, Michigan",1914,2025,112,2726,1392,1334,.511,-3.21,-0.27,1,11,2,4,0,0
473,Westminster (MO) Blue Jays,"Fulton, Missouri",1920,1920,1,17,17,0,1.000,,,0,0,0,0,0,0
474,Westminster (PA) Titans,"New Wilmington, Pennsylvania",1898,1935,21,294,210,84,.714,,,0,0,0,0,0,0
475,Wheaton (IL) Thunder,"Wheaton, Illinois",1902,1905,4,57,39,17,.696,,,0,0,0,0,0,0
476,Whittier Poets,"Whittier, California",1909,1915,3,42,38,3,.927,,,0,0,0,0,0,0
477,Wichita State,"Wichita, Kansas",1906,2025,118,2970,1691,1279,.569,6.03,3.34,8,12,4,16,2,0
478,Widener Pride,"Chester, Pennsylvania",1899,1909,5,26,20,6,.769,,,0,0,0,0,0,0
479,William & Mary,"Williamsburg, Virginia",1906,2025,120,2815,1306,1509,.464,-5.73,-2.69,0,3,0,0,0,0
480,Williams Ephs,"Williamstown, Massachusetts",1901,1911,10,161,136,24,.850,,,0,0,0,0,0,0
Rk,School,"City, State",From,To,Yrs,G,W,L,W-L%,SRS,SOS,AP,CREG,CTRN,NCAA,FF,NC
481,Winston-Salem Rams,"Winston-Salem, North Carolina",2007,2010,4,118,37,81,.314,,,0,0,0,0,0,0
482,Winthrop,"Rock Hill, South Carolina",1987,2025,39,1183,660,523,.558,-6.79,-6.48,1,12,13,11,0,0
483,Wisconsin,"Madison, Wisconsin",1899,2025,127,3031,1747,1284,.576,9.10,7.95,19,20,3,28,4,1
484,Wisconsin-Stevens Point Pointers,"Stevens Point, Wisconsin",1898,1918,21,156,98,58,.628,,,0,0,0,0,0,0
485,Wisconsin-Superior Yellowjackets,"Superior, Wisconsin",1900,1901,2,14,10,4,.714,,,0,0,0,0,0,0
486,Wittenberg Tigers,"Springfield, Ohio",1931,1931,1,20,18,2,.900,,,0,0,0,0,0,0
487,Wofford,"Spartanburg, South Carolina",1996,2025,30,928,473,455,.510,-4.56,-2.57,1,4,6,6,0,0
488,Wooster Fighting Scots,"Wooster, Ohio",1901,1931,31,390,225,165,.577,,,0,0,0,0,0,0
489,WPI Engineers,"Worcester, Massachusetts",1920,1920,1,16,14,2,.875,,,0,0,0,0,0,0
490,Wright State,"Dayton, Ohio",1988,2025,38,1161,646,515,.556,-1.42,-2.59,0,4,4,4,0,0
491,Wyoming,"Laramie, Wyoming",1905,2025,120,2911,1622,1289,.557,2.68,2.75,4,21,3,16,1,1
492,Xavier,"Cincinnati, Ohio",1920,2025,104,2731,1633,1098,.598,6.19,4.06,13,18,9,30,0,0
493,Yale,"New Haven, Connecticut",1896,2025,129,3115,1588,1525,.510,-5.82,-4.42,1,17,4,8,0,0
494,Youngstown State,"Youngstown, Ohio",1948,2025,45,1326,551,775,.416,-7.88,-3.55,0,1,0,0,0,0
